gen,pid,design,m50,m50_hat,true_s,true_k,true_c,true_vL,true_vT,true_delta,true_a,true_lam,n_step,n_ramp,n_null,n_return,hit_step,hit_ramp,null_fa,return_press,late,stable_fa,extra,n_change,hit,hit_rate,hit_rate_step,hit_rate_ramp,stable_fa_per_min,settled_min,median_rt_breaths,median_ramp_mag_at_detect,n_presses
level,6,roving_ramp,0.14019874767472304,0.10103576969844376,0.0,3.072081991078502,0.5379863685670314,3.072081991078502,0.0,0.6385924029380672,3.6095532981771328,0.0,37,12,2,0,16,9,0,0,16,0,5,49,25,0.5102040816326531,0.43243243243243246,0.75,0.0,2.1950000000000003,2.6615257504819727,0.12624999999999997,46
level,3,roving_ramp50,0.17509319490760458,0.18964973091961573,0.0,3.4899086033813447,1.0695921595415567,3.4899086033813447,0.0,1.1838813829161892,2.5282360980876213,0.0,25,24,3,0,12,18,1,0,7,1,31,49,30,0.6122448979591837,0.48,0.75,0.6230529595015576,1.6050000000000002,2.814239774654964,0.37925,70
level,0,roving_ramp,0.11798421429102594,0.15564140596342074,0.0,4.688369651584561,0.8984680643943388,4.688369651584561,0.0,1.0520050727428194,2.619564652512258,0.0,38,7,7,0,23,6,2,0,14,5,28,45,29,0.6444444444444445,0.6052631578947368,0.8571428571428571,1.3992537313432836,3.5733333333333333,1.51176792556102,0.21400000000000002,78
level,0,roving_ramp50,0.11798421429102594,0.15564140596342074,0.0,4.688369651584561,0.8984680643943388,4.688369651584561,0.0,1.0520050727428194,2.619564652512258,0.0,26,26,1,0,15,24,1,0,15,0,63,52,39,0.75,0.5769230769230769,0.9230769230769231,0.0,0.6633333333333334,2.7002432103770073,0.23350000000000004,118
level,6,roving_ramp50,0.14019874767472304,0.10103576969844376,0.0,3.072081991078502,0.5379863685670314,3.072081991078502,0.0,0.6385924029380672,3.6095532981771328,0.0,30,19,8,0,12,9,3,0,9,1,9,49,21,0.42857142857142855,0.4,0.47368421052631576,1.6666666666666667,0.6,2.506034009873842,0.17674999999999996,43
level,1,roving_ramp50,0.1533812761879285,0.11550296365563138,0.0,3.78384056291752,0.9038686304794388,3.78384056291752,0.0,1.027783680544153,2.7558562152115633,0.0,28,23,4,0,10,19,4,0,12,0,15,51,29,0.5686274509803921,0.35714285714285715,0.8260869565217391,0.0,0.9525000000000001,3.292067858780402,0.14450000000000007,60
level,5,roving_ramp50,0.07869817062917112,0.0809769429429938,0.0,6.4506305541633155,1.1047235595919693,6.4506305541633155,0.0,1.315971944606321,2.1586278158852767,0.0,27,19,7,0,10,15,4,0,18,4,37,46,25,0.5434782608695652,0.37037037037037035,0.7894736842105263,2.5263157894736845,1.5833333333333333,1.9564960047351874,0.14175000000000004,88
level,4,roving_ramp50,0.3533272867755426,0.4036346707599209,0.0,2.92467734003232,1.2181829455758688,2.92467734003232,0.0,1.3139617007816122,2.9516859665829025,0.0,27,17,10,0,15,13,0,0,7,0,40,44,28,0.6363636363636364,0.5555555555555556,0.7647058823529411,0.0,1.2466666666666666,1.8332268755345025,0.44999999999999996,75
level,2,roving_ramp50,0.28125265235311514,0.221768350832845,0.0,2.518530397706296,0.7538575532797305,2.518530397706296,0.0,0.8363356109917205,3.609390030280805,0.0,26,22,3,0,10,14,0,0,12,1,15,48,24,0.5,0.38461538461538464,0.6363636363636364,0.9049773755656109,1.105,3.416891284815812,0.4435,52
level,1,roving_ramp,0.1533812761879285,0.11550296365563138,0.0,3.78384056291752,0.9038686304794388,3.78384056291752,0.0,1.027783680544153,2.7558562152115633,0.0,39,12,2,0,10,7,1,0,12,0,6,51,17,0.3333333333333333,0.2564102564102564,0.5833333333333334,0.0,2.2825,1.6400000000000243,0.1732499999999999,36
level,4,roving_ramp,0.3533272867755426,0.4036346707599209,0.0,2.92467734003232,1.2181829455758688,2.92467734003232,0.0,1.3139617007816122,2.9516859665829025,0.0,43,10,3,0,25,8,0,0,10,0,23,53,33,0.6226415094339622,0.5813953488372093,0.8,0.0,1.771666666666667,1.483893889152089,0.40375000000000005,66
level,2,roving_ramp,0.28125265235311514,0.221768350832845,0.0,2.518530397706296,0.7538575532797305,2.518530397706296,0.0,0.8363356109917205,3.609390030280805,0.0,36,10,5,0,19,10,0,0,9,0,15,46,29,0.6304347826086957,0.5277777777777778,1.0,0.0,3.086666666666667,1.8137013307047765,0.33275,53
level,3,roving_ramp,0.17509319490760458,0.18964973091961573,0.0,3.4899086033813447,1.0695921595415567,3.4899086033813447,0.0,1.1838813829161892,2.5282360980876213,0.0,40,11,4,0,23,10,2,0,17,1,19,51,33,0.6470588235294118,0.575,0.9090909090909091,0.5774783445620789,1.7316666666666667,1.9718372820742476,0.26087499999999997,72
level,5,roving_ramp,0.07869817062917112,0.0809769429429938,0.0,6.4506305541633155,1.1047235595919693,6.4506305541633155,0.0,1.315971944606321,2.1586278158852767,0.0,38,8,5,0,27,7,6,0,18,1,30,46,34,0.7391304347826086,0.7105263157894737,0.875,0.45283018867924524,2.2083333333333335,1.6185504554468724,0.12150000000000005,89
level,9,roving_ramp50,0.16368093901089079,0.15743182980870885,0.0,3.6138172270425692,1.0557481134820608,3.6138172270425692,0.0,1.1740951566958546,2.4448870582385736,0.0,26,22,5,0,18,17,2,0,10,0,35,48,35,0.7291666666666666,0.6923076923076923,0.7727272727272727,0.0,1.1483333333333334,2.709077652205622,0.23625000000000007,82
level,8,roving_ramp50,0.2823077510278912,0.3803598048840075,0.0,4.067840708956816,1.1718909964396886,4.067840708956816,0.0,1.3051066213382723,3.371727297276571,0.0,27,21,3,0,15,21,1,0,7,0,78,48,36,0.75,0.5555555555555556,1.0,0.0,0.9183333333333333,1.8929312402788852,0.38025,122
level,7,roving_ramp,0.14064943731235394,0.0893078818605358,0.0,5.2151741456164,0.955512118159495,5.2151741456164,0.0,1.1263011761561612,2.9140610632283135,0.0,40,10,3,0,6,7,1,0,12,0,4,50,13,0.26,0.15,0.7,0.0,1.4566666666666668,3.9627782041442825,0.08925000000000005,30
level,10,roving_ramp50,0.26299144583272066,0.3722671174180415,0.0,3.8774333901142466,1.2047521403545804,3.8774333901142466,0.0,1.331732213819445,2.867297795062763,0.0,27,22,4,0,20,21,0,0,10,0,75,49,41,0.8367346938775511,0.7407407407407407,0.9545454545454546,0.0,0.5375,2.1110130214080747,0.44999999999999996,126
level,10,roving_ramp,0.26299144583272066,0.3722671174180415,0.0,3.8774333901142466,1.2047521403545804,3.8774333901142466,0.0,1.331732213819445,2.867297795062763,0.0,43,7,5,0,30,7,0,0,17,1,60,50,37,0.74,0.6976744186046512,1.0,0.7177033492822965,1.3933333333333335,1.3088607594936412,0.37224999999999997,115
level,8,roving_ramp,0.2823077510278912,0.3803598048840075,0.0,4.067840708956816,1.1718909964396886,4.067840708956816,0.0,1.3051066213382723,3.371727297276571,0.0,41,11,1,0,23,11,0,0,13,1,77,52,34,0.6538461538461539,0.5609756097560976,1.0,0.5499541704857928,1.8183333333333336,1.2290835155380968,0.44999999999999996,125
level,11,roving_ramp,0.23802121099580928,0.16738455675619446,0.0,3.5960549329744493,1.085153945326476,3.5960549329744493,0.0,1.2029193002999445,2.8424529793717306,0.0,34,7,6,0,14,5,1,0,8,0,11,41,19,0.4634146341463415,0.4117647058823529,0.7142857142857143,0.0,3.626666666666667,2.2132934763495733,0.4185,39
level,12,roving_ramp50,0.1577497440900831,0.08854898341420313,0.0,2.387674036722006,0.7216839480296412,2.387674036722006,0.0,0.7998766580233457,2.8765015913225707,0.0,26,19,9,0,13,11,5,0,11,0,11,45,24,0.5333333333333333,0.5,0.5789473684210527,0.0,1.1975000000000002,3.070847217636958,0.17700000000000005,51
level,11,roving_ramp50,0.23802121099580928,0.16738455675619446,0.0,3.5960549329744493,1.085153945326476,3.5960549329744493,0.0,1.2029193002999445,2.8424529793717306,0.0,27,21,6,0,3,16,0,0,1,0,23,48,19,0.3958333333333333,0.1111111111111111,0.7619047619047619,0.0,1.0466666666666666,3.4337890990822735,0.29300000000000004,43
level,7,roving_ramp50,0.14064943731235394,0.0893078818605358,0.0,5.2151741456164,0.955512118159495,5.2151741456164,0.0,1.1263011761561612,2.9140610632283135,0.0,22,21,6,0,9,14,2,0,3,0,17,43,23,0.5348837209302325,0.4090909090909091,0.6666666666666666,0.0,2.0516666666666667,3.02690090584688,0.145125,45
level,13,roving_ramp50,0.011274458556351907,0.04,0.0,4.043796045850564,0.7911341927523143,4.043796045850564,0.0,0.9235623913354765,2.2955380584499205,0.0,26,22,5,0,17,16,5,0,27,1,25,48,33,0.6875,0.6538461538461539,0.7272727272727273,1.3377926421404682,0.7475,2.282446808510672,0.050000000000000044,91
level,9,roving_ramp,0.16368093901089079,0.15743182980870885,0.0,3.6138172270425692,1.0557481134820608,3.6138172270425692,0.0,1.1740951566958546,2.4448870582385736,0.0,44,9,5,0,15,8,1,0,19,0,22,53,23,0.4339622641509434,0.3409090909090909,0.8888888888888888,0.0,0.6441666666666668,1.3576528335564626,0.19674999999999998,65
level,16,roving_ramp,0.12179974994565386,0.17941166818315327,0.0,4.583305815651055,0.713823020159347,4.583305815651055,0.0,0.8639193469375521,3.1777540427718245,0.0,37,9,5,0,27,8,1,0,21,3,51,46,35,0.7608695652173914,0.7297297297297297,0.8888888888888888,1.1642949547218626,2.576666666666667,1.4266886326194452,0.26899999999999996,111
level,14,roving_ramp,0.13580683947519254,0.13597862056999907,0.0,4.520490521780991,1.064812509865429,4.520490521780991,0.0,1.2128517308657054,2.4338492372431455,0.0,42,13,1,0,22,11,0,0,14,0,26,55,33,0.6,0.5238095238095238,0.8461538461538461,0.0,2.0558333333333336,2.3318318318318374,0.20399999999999996,73
level,14,roving_ramp50,0.13580683947519254,0.13597862056999907,0.0,4.520490521780991,1.064812509865429,4.520490521780991,0.0,1.2128517308657054,2.4338492372431455,0.0,27,24,2,0,13,21,1,0,15,1,41,51,34,0.6666666666666666,0.48148148148148145,0.875,0.5943536404160475,1.6825,1.9666968230707416,0.20399999999999996,92
level,16,roving_ramp50,0.12179974994565386,0.17941166818315327,0.0,4.583305815651055,0.713823020159347,4.583305815651055,0.0,0.8639193469375521,3.1777540427718245,0.0,28,24,4,0,18,23,1,0,13,1,90,52,41,0.7884615384615384,0.6428571428571429,0.9583333333333334,1.1374407582938388,0.8791666666666667,1.7350668927831294,0.1795,146
level,13,roving_ramp,0.011274458556351907,0.04,0.0,4.043796045850564,0.7911341927523143,4.043796045850564,0.0,0.9235623913354765,2.2955380584499205,0.0,38,11,3,0,19,10,3,0,34,5,18,49,29,0.5918367346938775,0.5,0.9090909090909091,5.464480874316939,0.9150000000000001,2.727352297593013,0.050000000000000044,89
level,12,roving_ramp,0.1577497440900831,0.08854898341420313,0.0,2.387674036722006,0.7216839480296412,2.387674036722006,0.0,0.7998766580233457,2.8765015913225707,0.0,34,12,2,0,13,7,1,0,10,1,7,46,20,0.43478260869565216,0.38235294117647056,0.5833333333333334,0.37336652146857496,2.6783333333333337,2.860236606688104,0.15500000000000003,39
level,15,roving_ramp50,0.10198098787589178,0.08012393440989232,0.0,3.6432502136357767,0.7108867220222775,3.6432502136357767,0.0,0.830197650988287,2.776348045513979,0.0,21,16,11,0,11,15,4,0,15,2,15,37,26,0.7027027027027027,0.5238095238095238,0.9375,1.1627906976744187,1.72,2.5955931069547704,0.12024999999999997,62
level,15,roving_ramp,0.10198098787589178,0.08012393440989232,0.0,3.6432502136357767,0.7108867220222775,3.6432502136357767,0.0,0.830197650988287,2.776348045513979,0.0,41,10,4,0,21,8,4,0,17,1,9,51,29,0.5686274509803921,0.5121951219512195,0.8,0.38010769718086784,2.630833333333334,2.9031466190583024,0.18025000000000002,60
level,18,roving_ramp,0.22185375900886667,0.20492423619750433,0.0,3.4315244186234897,0.9348601060690623,3.4315244186234897,0.0,1.0472373357809177,3.0749018250609064,0.0,35,13,4,0,16,7,0,0,9,1,27,48,23,0.4791666666666667,0.45714285714285713,0.5384615384615384,0.38999025024374384,2.564166666666667,1.2788044718229479,0.3075,60
level,17,roving_ramp50,0.2963896842702178,0.27044924222511696,0.0,2.8762412594397806,1.0345405365592955,2.8762412594397806,0.0,1.1287330834532026,3.063814630093306,0.0,26,19,9,0,13,16,1,0,8,0,24,45,29,0.6444444444444445,0.5,0.8421052631578947,0.0,1.2625,2.019441831295045,0.40575000000000006,62
level,18,roving_ramp50,0.22185375900886667,0.20492423619750433,0.0,3.4315244186234897,0.9348601060690623,3.4315244186234897,0.0,1.0472373357809177,3.0749018250609064,0.0,25,21,5,0,13,18,1,0,16,1,37,46,31,0.6739130434782609,0.52,0.8571428571428571,0.6666666666666666,1.5,2.143028557715384,0.28187500000000004,86
level,19,roving_ramp50,0.3292396673618295,0.4203776829693886,0.0,3.1665841894909152,1.4114453149270085,3.1665841894909152,0.0,1.5151461532288077,2.5761001641605077,0.0,25,11,13,0,13,9,2,0,2,1,40,36,22,0.6111111111111112,0.52,0.8181818181818182,0.42857142857142855,2.3333333333333335,1.3037804219928912,0.4205000000000001,67
level,20,roving_ramp,0.2587355733347694,0.30297167620358656,0.0,3.8377095467247755,1.0645938317416008,3.8377095467247755,0.0,1.19027300947354,3.151595688701299,0.0,40,9,3,0,25,9,0,0,9,0,56,49,34,0.6938775510204082,0.625,1.0,0.0,1.7966666666666669,2.336843675004294,0.5302500000000001,99
level,21,roving_ramp50,0.17887996403845569,0.17079083434908046,0.0,4.841374281641147,0.9397700749136891,4.841374281641147,0.0,1.0983177532622228,3.2970536165466777,0.0,30,18,9,0,15,18,1,0,7,0,37,48,33,0.6875,0.5,1.0,0.0,0.7833333333333333,2.3559663865546114,0.25625000000000003,78
level,19,roving_ramp,0.3292396673618295,0.4203776829693886,0.0,3.1665841894909152,1.4114453149270085,3.1665841894909152,0.0,1.5151461532288077,2.5761001641605077,0.0,35,9,5,0,19,8,1,0,9,2,43,44,27,0.6136363636363636,0.5428571428571428,0.8888888888888888,0.5139186295503212,3.8916666666666666,1.624192854068035,0.44999999999999996,82
level,22,roving_ramp,0.25183984810375165,0.26741158415644484,0.0,3.426804870677776,0.9137405050207777,3.426804870677776,0.0,1.025963176682353,3.470337404513101,0.0,38,12,1,0,21,11,0,0,3,1,39,50,32,0.64,0.5526315789473685,0.9166666666666666,0.6030150753768844,1.6583333333333334,2.079683828260519,0.401,75
level,17,roving_ramp,0.2963896842702178,0.27044924222511696,0.0,2.8762412594397806,1.0345405365592955,2.8762412594397806,0.0,1.1287330834532026,3.063814630093306,0.0,38,10,2,0,18,8,1,0,8,1,26,48,26,0.5416666666666666,0.47368421052631576,0.8,0.2742857142857143,3.6458333333333335,1.5252837232767331,0.371875,62
level,23,roving_ramp,0.11748040050247428,0.15856568586521336,0.0,7.2955519063970895,0.8585712346314966,7.2955519063970895,0.0,1.0974895148018078,3.440517103468736,0.0,41,10,4,0,26,10,1,0,9,0,65,51,36,0.7058823529411765,0.6341463414634146,1.0,0.0,1.4633333333333336,1.7917554999584269,0.23775000000000002,111
level,20,roving_ramp50,0.2587355733347694,0.30297167620358656,0.0,3.8377095467247755,1.0645938317416008,3.8377095467247755,0.0,1.19027300947354,3.151595688701299,0.0,24,22,5,0,21,22,4,0,15,1,68,46,43,0.9347826086956522,0.875,1.0,0.6048387096774194,1.6533333333333333,2.192064264849072,0.414375,131
level,21,roving_ramp,0.17887996403845569,0.17079083434908046,0.0,4.841374281641147,0.9397700749136891,4.841374281641147,0.0,1.0983177532622228,3.2970536165466777,0.0,38,15,0,0,23,13,0,0,8,0,40,53,36,0.6792452830188679,0.6052631578947368,0.8666666666666667,0.0,1.7325000000000002,1.8526719026344551,0.25625,84
level,23,roving_ramp50,0.11748040050247428,0.15856568586521336,0.0,7.2955519063970895,0.8585712346314966,7.2955519063970895,0.0,1.0974895148018078,3.440517103468736,0.0,26,26,3,0,21,25,0,0,10,1,106,52,46,0.8846153846153846,0.8076923076923077,0.9615384615384616,0.9309542280837858,1.0741666666666667,1.7916223982955612,0.15850000000000009,163
level,24,roving_ramp,0.02974344790402979,0.04,0.0,4.2709231305899085,0.5657496343480084,4.2709231305899085,0.0,0.7056159011078138,2.7939097856512465,0.0,39,11,3,0,20,10,4,0,33,1,13,50,30,0.6,0.5128205128205128,0.9090909090909091,0.6163328197226502,1.6225,2.8205549118657505,0.03500000000000003,81
level,25,roving_ramp,0.1632437466811033,0.17671665882010557,0.0,4.3417445394467755,0.6699740324227891,4.3417445394467755,0.0,0.8121595931058526,3.884158879226826,0.0,47,6,8,0,24,5,1,0,9,0,17,53,29,0.5471698113207547,0.5106382978723404,0.8333333333333334,0.0,1.2,1.449038891372377,0.3534999999999999,56
level,27,roving_ramp50,0.13841038458320581,0.13785260595621285,0.0,4.637785442098807,1.131929522308717,4.637785442098807,0.0,1.283809974376169,2.3499202654848963,0.0,27,22,5,0,15,19,2,0,14,2,48,49,34,0.6938775510204082,0.5555555555555556,0.8636363636363636,1.3114754098360657,1.525,1.9980764558503266,0.20675,100
level,25,roving_ramp50,0.1632437466811033,0.17671665882010557,0.0,4.3417445394467755,0.6699740324227891,4.3417445394467755,0.0,0.8121595931058526,3.884158879226826,0.0,25,20,9,0,18,15,2,0,10,0,39,45,33,0.7333333333333333,0.72,0.75,0.0,1.7941666666666667,1.9853580416380727,0.2649999999999999,84
level,24,roving_ramp50,0.02974344790402979,0.04,0.0,4.2709231305899085,0.5657496343480084,4.2709231305899085,0.0,0.7056159011078138,2.7939097856512465,0.0,27,19,7,0,14,12,8,0,19,2,16,46,26,0.5652173913043478,0.5185185185185185,0.631578947368421,1.4067995310668229,1.4216666666666669,1.805359847119115,0.03500000000000003,71
level,28,roving_ramp,0.21312945894425334,0.18143074260534592,0.0,4.59765243460893,0.9278889635109132,4.59765243460893,0.0,1.078455120340587,3.6940325177867157,0.0,37,7,5,0,16,7,0,0,8,1,30,44,23,0.5227272727272727,0.43243243243243246,1.0,0.33039647577092507,3.026666666666667,1.702920016927659,0.2722500000000001,62
level,22,roving_ramp50,0.25183984810375165,0.26741158415644484,0.0,3.426804870677776,0.9137405050207777,3.426804870677776,0.0,1.025963176682353,3.470337404513101,0.0,26,14,12,0,15,11,1,0,4,0,26,40,26,0.65,0.5769230769230769,0.7857142857142857,0.0,1.3191666666666668,1.8356031574565432,0.401,57
level,28,roving_ramp50,0.21312945894425334,0.18143074260534592,0.0,4.59765243460893,0.9278889635109132,4.59765243460893,0.0,1.078455120340587,3.6940325177867157,0.0,28,25,4,0,9,21,0,0,3,0,46,53,30,0.5660377358490566,0.32142857142857145,0.84,0.0,0.6091666666666667,3.505982653785214,0.3175,79
leaky,1,roving_ramp,0.23618219474320257,0.2134934489451574,0.0,4.335706325540536,0.3757458130535907,4.335706325540536,0.0,0.5177336313725003,2.575047670465783,0.6913010036031013,37,11,1,0,15,9,0,0,14,0,30,48,24,0.5,0.40540540540540543,0.8181818181818182,0.0,1.409166666666667,1.8706492776349792,0.37349999999999994,68
level,27,roving_ramp,0.13841038458320581,0.13785260595621285,0.0,4.637785442098807,1.131929522308717,4.637785442098807,0.0,1.283809974376169,2.3499202654848963,0.0,40,12,1,0,22,10,0,0,14,5,36,52,32,0.6153846153846154,0.55,0.8333333333333334,1.4962593516209475,3.341666666666667,1.74427832141634,0.15500000000000003,87
level,26,roving_ramp,0.13627985489348707,0.1429427554431732,0.0,4.037374076657309,1.0422188606574316,4.037374076657309,0.0,1.1744367494717587,2.4036538947084676,0.0,41,10,4,0,19,7,2,0,15,2,7,51,26,0.5098039215686274,0.4634146341463415,0.7,1.273209549071618,1.5708333333333333,2.1633957128999914,0.2502500000000001,52
level,29,roving_ramp,0.18625209372269988,0.14862618065407307,0.0,3.833527503358373,1.1086819873000653,3.833527503358373,0.0,1.2342242094429663,2.5299898728220156,0.0,38,13,1,0,16,10,0,0,14,1,19,51,26,0.5098039215686274,0.42105263157894735,0.7692307692307693,0.5141388174807198,1.945,1.8888338634640192,0.334375,60
leaky,0,roving_ramp,0.065488626339779,0.07333358505911837,0.0,1.988803563262569,0.43203927082346605,1.988803563262569,0.0,0.4971695766629235,2.385687446905749,0.2610472654568055,42,13,1,0,21,6,4,0,31,2,10,55,27,0.4909090909090909,0.5,0.46153846153846156,1.5915119363395223,1.2566666666666668,1.9678217821782193,0.036750000000000005,74
leaky,1,roving_ramp50,0.23618219474320257,0.2134934489451574,0.0,4.335706325540536,0.3757458130535907,4.335706325540536,0.0,0.5177336313725003,2.575047670465783,0.6913010036031013,29,20,5,0,14,18,0,0,2,1,47,49,32,0.6530612244897959,0.4827586206896552,0.9,0.9237875288683602,1.0825,2.855017038396543,0.37362500000000004,82
level,26,roving_ramp50,0.13627985489348707,0.1429427554431732,0.0,4.037374076657309,1.0422188606574316,4.037374076657309,0.0,1.1744367494717587,2.4036538947084676,0.0,31,21,7,0,16,15,2,0,11,1,26,52,31,0.5961538461538461,0.5161290322580645,0.7142857142857143,0.6711409395973155,1.49,2.3549008810572967,0.21450000000000002,71
level,29,roving_ramp50,0.18625209372269988,0.14862618065407307,0.0,3.833527503358373,1.1086819873000653,3.833527503358373,0.0,1.2342242094429663,2.5299898728220156,0.0,25,21,5,0,7,16,1,0,11,0,22,46,23,0.5,0.28,0.7619047619047619,0.0,1.82,3.621181262729131,0.2415,57
leaky,2,roving_ramp,0.29599359068776726,0.29481866243391325,0.0,2.98477463812678,0.3686956529437734,2.98477463812678,0.0,0.4664425036805788,3.2401880275351727,0.35565195791579124,40,12,1,0,22,10,0,0,6,0,30,52,32,0.6153846153846154,0.55,0.8333333333333334,0.0,2.6158333333333337,1.1693424281263214,0.446125,68
leaky,0,roving_ramp50,0.065488626339779,0.07333358505911837,0.0,1.988803563262569,0.43203927082346605,1.988803563262569,0.0,0.4971695766629235,2.385687446905749,0.2610472654568055,23,21,6,0,13,13,4,0,26,1,14,44,26,0.5909090909090909,0.5652173913043478,0.6190476190476191,0.7874015748031495,1.27,1.4949551115442836,0.07325000000000004,71
leaky,2,roving_ramp50,0.29599359068776726,0.29481866243391325,0.0,2.98477463812678,0.3686956529437734,2.98477463812678,0.0,0.4664425036805788,3.2401880275351727,0.35565195791579124,23,17,11,0,14,12,1,0,10,1,20,40,26,0.65,0.6086956521739131,0.7058823529411765,0.4794246903715541,2.0858333333333334,2.013934930190862,0.44225000000000003,58
leaky,6,roving_ramp50,0.17883212761560935,0.21189490642408543,0.0,4.7615807569706625,0.3309026738874182,4.7615807569706625,0.0,0.4868372351027186,3.4209644675993394,0.3039803570407847,28,18,8,0,16,18,0,0,8,0,60,46,34,0.7391304347826086,0.5714285714285714,1.0,0.0,1.0091666666666668,2.4606082814217887,0.31775,102
leaky,5,roving_ramp,0.08427532153800749,0.12530296714696987,0.0,6.015490343283258,0.34619196676243097,6.015490343283258,0.0,0.5431901686309057,2.5544664230416183,0.42176019370299944,42,10,4,0,35,10,2,0,24,0,52,52,45,0.8653846153846154,0.8333333333333334,1.0,0.0,1.27,1.3609480321809266,0.12525000000000003,123
leaky,6,roving_ramp,0.17883212761560935,0.21189490642408543,0.0,4.7615807569706625,0.3309026738874182,4.7615807569706625,0.0,0.4868372351027186,3.4209644675993394,0.3039803570407847,38,8,4,0,21,8,1,0,10,1,48,46,29,0.6304347826086957,0.5526315789473685,1.0,0.5333333333333333,1.875,1.278680910357651,0.31775,89
leaky,3,roving_ramp50,0.11067837277271612,0.08786976019581366,0.0,4.635666331573583,0.4172281763753735,4.635666331573583,0.0,0.5690392307812543,2.658367030367509,0.31140996742032717,30,20,7,0,9,15,1,0,6,0,20,50,24,0.48,0.3,0.75,0.0,1.5441666666666667,2.906836178393082,0.15375000000000005,51
leaky,5,roving_ramp50,0.08427532153800749,0.12530296714696987,0.0,6.015490343283258,0.34619196676243097,6.015490343283258,0.0,0.5431901686309057,2.5544664230416183,0.42176019370299944,25,23,4,0,18,20,2,0,18,1,65,48,38,0.7916666666666666,0.72,0.8695652173913043,0.7343941248470012,1.3616666666666668,2.3249368405409516,0.20362499999999994,124
leaky,4,roving_ramp,0.0100013373778227,0.04,0.0,4.6902036397527995,0.38127206770641353,4.6902036397527995,0.0,0.5348691363909223,2.217042448005884,0.3307812275081124,40,8,5,0,18,7,6,0,28,6,15,48,25,0.5208333333333334,0.45,0.875,2.8191072826938135,2.1283333333333334,2.279059145923722,0.040000000000000036,80
leaky,4,roving_ramp50,0.0100013373778227,0.04,0.0,4.6902036397527995,0.38127206770641353,4.6902036397527995,0.0,0.5348691363909223,2.217042448005884,0.3307812275081124,31,18,9,0,18,12,4,0,30,4,23,49,30,0.6122448979591837,0.5806451612903226,0.6666666666666666,4.367606915377616,0.9158333333333334,2.149698387880611,0.06000000000000005,91
leaky,9,roving_ramp50,0.1009497643754572,0.16133200100240228,0.0,4.960208629227908,0.4154600275947852,4.960208629227908,0.0,0.5778993509230078,2.786443281326472,0.2755933557045576,27,19,8,0,21,19,6,0,26,1,73,46,40,0.8695652173913043,0.7777777777777778,1.0,0.7797270955165693,1.2825,2.1804657628012807,0.20174999999999998,146
leaky,7,roving_ramp50,0.14574265155175678,0.16015227005272012,0.0,5.816663720987502,0.4666418322780896,5.816663720987502,0.0,0.6571287632707694,2.7377209377805984,0.43090947154101533,28,23,5,0,17,22,0,0,13,0,60,51,39,0.7647058823529411,0.6071428571428571,0.9565217391304348,0.0,0.6766666666666666,2.4442250740375573,0.24025000000000007,112
leaky,7,roving_ramp,0.14574265155175678,0.16015227005272012,0.0,5.816663720987502,0.4666418322780896,5.816663720987502,0.0,0.6571287632707694,2.7377209377805984,0.43090947154101533,48,10,5,0,28,9,2,0,14,0,42,58,37,0.6379310344827587,0.5833333333333334,0.9,0.0,1.5233333333333334,1.7218934911243213,0.3202499999999999,95
leaky,9,roving_ramp,0.1009497643754572,0.16133200100240228,0.0,4.960208629227908,0.4154600275947852,4.960208629227908,0.0,0.5778993509230078,2.786443281326472,0.2755933557045576,33,9,5,0,23,8,2,0,9,0,46,42,31,0.7380952380952381,0.696969696969697,0.8888888888888888,0.0,1.7708333333333333,1.4575749807741816,0.1612499999999999,88
leaky,8,roving_ramp,0.12186491993148582,0.113589983975347,0.0,4.442509898614609,0.32623475938224045,4.442509898614609,0.0,0.47172023302898425,3.1916851130328205,0.21439924411244127,38,12,1,0,23,11,2,0,21,2,18,50,34,0.68,0.6052631578947368,0.9166666666666666,1.0475774770842425,1.909166666666667,1.3795248095452006,0.1705000000000001,77
leaky,3,roving_ramp,0.11067837277271612,0.08786976019581366,0.0,4.635666331573583,0.4172281763753735,4.635666331573583,0.0,0.5690392307812543,2.658367030367509,0.31140996742032717,38,9,4,0,19,9,3,0,14,0,12,47,28,0.5957446808510638,0.5,1.0,0.0,1.745,1.446773304603941,0.17574999999999996,57
leaky,10,roving_ramp50,0.2508315245613768,0.17753151199716408,0.0,3.0366532688910404,0.39910014301323804,3.0366532688910404,0.0,0.4985459403683137,3.174838574894511,0.3094396519488179,24,21,6,0,9,16,2,0,5,0,17,45,25,0.5555555555555556,0.375,0.7619047619047619,0.0,2.495833333333333,2.83692003948668,0.28850000000000003,49
leaky,8,roving_ramp50,0.12186491993148582,0.113589983975347,0.0,4.442509898614609,0.32623475938224045,4.442509898614609,0.0,0.47172023302898425,3.1916851130328205,0.21439924411244127,27,20,7,0,16,18,1,0,12,0,35,47,34,0.723404255319149,0.5925925925925926,0.9,0.0,0.5158333333333334,2.009721048258035,0.14199999999999996,82
leaky,12,roving_ramp50,0.11738617520323838,0.09497286400588195,0.0,3.3901094673856202,0.5109487018947958,3.3901094673856202,0.0,0.6219696546518656,2.3949054251849984,0.3145218981767678,26,21,8,0,19,15,6,0,20,2,15,47,34,0.723404255319149,0.7307692307692307,0.7142857142857143,3.1290743155149934,0.6391666666666667,2.4452680300857805,0.18999999999999995,77
leaky,10,roving_ramp,0.2508315245613768,0.17753151199716408,0.0,3.0366532688910404,0.39910014301323804,3.0366532688910404,0.0,0.4985459403683137,3.174838574894511,0.3094396519488179,41,9,5,0,11,3,1,0,10,0,10,50,14,0.28,0.2682926829268293,0.3333333333333333,0.0,1.1766666666666667,1.9551262241479557,0.1775,35
leaky,12,roving_ramp,0.11738617520323838,0.09497286400588195,0.0,3.3901094673856202,0.5109487018947958,3.3901094673856202,0.0,0.6219696546518656,2.3949054251849984,0.3145218981767678,40,7,6,0,26,6,4,0,22,1,12,47,32,0.6808510638297872,0.65,0.8571428571428571,0.4620716211012707,2.1641666666666666,1.764135215319829,0.18999999999999995,71
leaky,13,roving_ramp,0.060893594882636605,0.054464645649951515,0.0,3.743793146664977,0.3369367063421882,3.743793146664977,0.0,0.45954026415256954,2.6852587503243504,0.2269659528938769,38,11,2,0,20,9,3,0,28,1,15,49,29,0.5918367346938775,0.5263157894736842,0.8181818181818182,0.9097801364670205,1.0991666666666666,2.6711213196909465,0.09525000000000006,76
leaky,11,roving_ramp,0.0100013373778227,0.04,0.0,4.154351954863282,0.3914351955274286,4.154351954863282,0.0,0.5274839327597398,2.5522995189717417,0.17590776086149099,39,11,3,0,25,9,3,0,32,4,15,50,34,0.68,0.6410256410256411,0.8181818181818182,4.363636363636364,0.9166666666666666,1.8976461716780033,0.030000000000000027,88
leaky,13,roving_ramp50,0.060893594882636605,0.054464645649951515,0.0,3.743793146664977,0.3369367063421882,3.743793146664977,0.0,0.45954026415256954,2.6852587503243504,0.2269659528938769,28,15,11,0,20,9,12,0,11,3,10,43,29,0.6744186046511628,0.7142857142857143,0.6,2.2988505747126435,1.3050000000000002,2.409406734366629,0.10899999999999999,65
leaky,20,roving_ramp,0.4917509938385635,0.37005874065912475,0.0,2.7669567059567206,0.4273147447170943,2.7669567059567206,0.0,0.5179283879307387,3.7174733592334035,0.42434281799891377,36,11,3,0,13,3,0,0,2,0,5,47,16,0.3404255319148936,0.3611111111111111,0.2727272727272727,0.0,3.925,1.827203506787644,0.44999999999999996,23
leaky,14,roving_ramp50,0.2139289984607926,0.14681420305092097,0.0,6.0630050209712385,0.5264094929002334,6.0630050209712385,0.0,0.7249637285303356,4.077126967907639,0.2717103393861787,27,24,1,0,7,19,0,0,2,0,33,51,26,0.5098039215686274,0.25925925925925924,0.7916666666666666,0.0,0.9733333333333334,3.5418998760207314,0.29374999999999996,61
leaky,20,roving_ramp50,0.4917509938385635,0.37005874065912475,0.0,2.7669567059567206,0.4273147447170943,2.7669567059567206,0.0,0.5179283879307387,3.7174733592334035,0.42434281799891377,28,17,10,0,9,8,0,0,3,0,5,45,17,0.37777777777777777,0.32142857142857145,0.47058823529411764,0.0,1.6391666666666669,1.6189320388350326,0.44999999999999996,25
leaky,14,roving_ramp,0.2139289984607926,0.14681420305092097,0.0,6.0630050209712385,0.5264094929002334,6.0630050209712385,0.0,0.7249637285303356,4.077126967907639,0.2717103393861787,41,7,7,0,13,5,0,0,4,0,11,48,18,0.375,0.3170731707317073,0.7142857142857143,0.0,1.8716666666666668,1.9813900687402257,0.367,33
leaky,15,roving_ramp,0.33618031131757203,0.3574474260352323,0.0,3.833517978348669,0.5682172103821113,3.833517978348669,0.0,0.6937591205953645,3.0828471139335436,0.47711674578832386,36,9,4,0,15,9,0,0,1,0,30,45,24,0.5333333333333333,0.4166666666666667,1.0,0.0,2.15,1.4597399524111765,0.44999999999999996,55
leaky,11,roving_ramp50,0.0100013373778227,0.04,0.0,4.154351954863282,0.3914351955274286,4.154351954863282,0.0,0.5274839327597398,2.5522995189717417,0.17590776086149099,25,22,5,0,18,20,2,0,26,2,15,47,38,0.8085106382978723,0.72,0.9090909090909091,1.4879107253564785,1.3441666666666667,3.3965881642512255,0.065,83
leaky,15,roving_ramp50,0.33618031131757203,0.3574474260352323,0.0,3.833517978348669,0.5682172103821113,3.833517978348669,0.0,0.6937591205953645,3.0828471139335436,0.47711674578832386,24,19,6,0,16,19,0,0,4,0,43,43,35,0.813953488372093,0.6666666666666666,1.0,0.0,1.8850000000000002,2.6460537021969124,0.44999999999999996,82
leaky,16,roving_ramp50,0.23204963944379872,0.3150798771975583,0.0,4.3388893414582945,0.3458630585023237,4.3388893414582945,0.0,0.4879551157737597,3.3698583581141905,0.38106458818115585,22,19,6,0,9,19,0,0,7,0,63,41,28,0.6829268292682927,0.4090909090909091,1.0,0.0,3.4283333333333337,2.416277143908742,0.39375000000000004,98
leaky,17,roving_ramp,0.19695982104524834,0.2394842788467836,0.0,4.8768170318808455,0.28546626804308756,4.8768170318808455,0.0,0.44517464280505503,2.8418373047180685,0.56104398475904,44,10,3,0,23,10,0,0,12,1,57,54,33,0.6111111111111112,0.5227272727272727,1.0,0.6091370558375635,1.6416666666666666,1.4520643806857974,0.23950000000000005,103
leaky,16,roving_ramp,0.23204963944379872,0.3150798771975583,0.0,4.3388893414582945,0.3458630585023237,4.3388893414582945,0.0,0.4879551157737597,3.3698583581141905,0.38106458818115585,39,9,6,0,26,9,1,0,18,0,47,48,35,0.7291666666666666,0.6666666666666666,1.0,0.0,1.6483333333333334,1.3327803583278177,0.44999999999999996,101
leaky,17,roving_ramp50,0.19695982104524834,0.2394842788467836,0.0,4.8768170318808455,0.28546626804308756,4.8768170318808455,0.0,0.44517464280505503,2.8418373047180685,0.56104398475904,23,21,6,0,12,19,3,0,5,0,66,44,31,0.7045454545454546,0.5217391304347826,0.9047619047619048,0.0,2.5108333333333333,3.1248780487804853,0.29925,105
leaky,18,roving_ramp,0.25069738680531817,0.31280979920560853,0.0,4.059423303683279,0.32144429478797487,4.059423303683279,0.0,0.4543842624069925,3.0171449337169447,0.5130954716007557,36,10,4,0,19,9,0,0,11,1,41,46,28,0.6086956521739131,0.5277777777777778,0.9,0.3819223424570337,2.6183333333333336,1.4161529780830766,0.391,81
leaky,22,roving_ramp,0.19674922005161458,0.3205244441279375,0.0,3.3516083615205425,0.45348081368214177,3.3516083615205425,0.0,0.563240913509103,2.9826886513884827,0.25873843850520106,34,13,2,0,28,13,0,0,16,2,71,47,41,0.8723404255319149,0.8235294117647058,1.0,0.477516912057302,4.1883333333333335,1.3065243179122523,0.40075000000000005,130
leaky,18,roving_ramp50,0.25069738680531817,0.31280979920560853,0.0,4.059423303683279,0.32144429478797487,4.059423303683279,0.0,0.4543842624069925,3.0171449337169447,0.5130954716007557,24,16,11,0,16,14,2,0,11,0,42,40,30,0.75,0.6666666666666666,0.875,0.0,2.2033333333333336,2.158107139554295,0.391,85
leaky,21,roving_ramp50,0.12678553450863475,0.07813313175507901,0.0,6.094740531191773,0.36577494482163586,6.094740531191773,0.0,0.5653684703669491,2.8109876289620184,0.43154093827796075,27,22,6,0,9,10,3,0,7,0,8,49,19,0.3877551020408163,0.3333333333333333,0.45454545454545453,0.0,1.2983333333333333,3.8405925925927242,0.19537500000000002,37
leaky,22,roving_ramp50,0.19674922005161458,0.3205244441279375,0.0,3.3516083615205425,0.45348081368214177,3.3516083615205425,0.0,0.563240913509103,2.9826886513884827,0.25873843850520106,24,24,4,0,19,24,1,0,12,1,83,48,43,0.8958333333333334,0.7916666666666666,1.0,0.7250755287009063,1.3791666666666667,1.906548933038978,0.3205,140
leaky,19,roving_ramp50,0.25625629892085194,0.2033406286171415,0.0,4.769942230809755,0.40373777276983225,4.769942230809755,0.0,0.5599461595948954,3.6682201668679157,0.35847332615131566,29,16,10,0,10,12,1,0,3,0,25,45,22,0.4888888888888889,0.3448275862068966,0.75,0.0,1.0691666666666668,2.2275551540509753,0.40674999999999994,51
leaky,19,roving_ramp,0.25625629892085194,0.2033406286171415,0.0,4.769942230809755,0.40373777276983225,4.769942230809755,0.0,0.5599461595948954,3.6682201668679157,0.35847332615131566,37,10,3,0,14,6,0,0,2,0,28,47,20,0.425531914893617,0.3783783783783784,0.6,0.0,2.7416666666666667,1.3616683815119077,0.38125,50
leaky,21,roving_ramp,0.12678553450863475,0.07813313175507901,0.0,6.094740531191773,0.36577494482163586,6.094740531191773,0.0,0.5653684703669491,2.8109876289620184,0.43154093827796075,39,9,6,0,12,7,2,0,6,0,8,48,19,0.3958333333333333,0.3076923076923077,0.7777777777777778,0.0,1.2625,2.206821873308039,0.15625,35
leaky,24,roving_ramp50,0.2045293092602443,0.24960840875476623,0.0,5.3699795903716465,0.41795660161324605,5.3699795903716465,0.0,0.5938153035650863,3.4614508407432365,0.35564005842304575,27,22,2,0,16,21,2,0,10,0,87,49,37,0.7551020408163265,0.5925925925925926,0.9545454545454546,0.0,0.5766666666666667,2.302158273381329,0.37450000000000006,136
leaky,25,roving_ramp,0.0100013373778227,0.04,0.0,6.787036612708379,0.18008487061780523,6.787036612708379,0.0,0.4023500447630771,2.4324889941752965,0.33142254319728226,43,12,2,0,28,12,2,0,38,2,27,55,40,0.7272727272727273,0.6511627906976745,1.0,1.509433962264151,1.325,2.577982338359886,0.040000000000000036,109
leaky,25,roving_ramp50,0.0100013373778227,0.04,0.0,6.787036612708379,0.18008487061780523,6.787036612708379,0.0,0.4023500447630771,2.4324889941752965,0.33142254319728226,20,23,4,0,13,18,4,0,34,5,40,43,31,0.7209302325581395,0.65,0.782608695652174,1.8220467658669905,2.7441666666666666,1.7174759270641164,0.040000000000000036,114
leaky,24,roving_ramp,0.2045293092602443,0.24960840875476623,0.0,5.3699795903716465,0.41795660161324605,5.3699795903716465,0.0,0.5938153035650863,3.4614508407432365,0.35564005842304575,45,12,1,0,31,12,0,0,10,0,85,57,43,0.7543859649122807,0.6888888888888889,1.0,0.0,0.9583333333333334,1.9845526711006096,0.37450000000000006,138
leaky,23,roving_ramp50,0.1215394183270462,0.06278715786338306,0.0,5.029269928160413,0.30919431059320157,5.029269928160413,0.0,0.4738952869092967,3.1381301814629343,0.2819730372562731,26,21,6,0,8,13,2,0,7,2,6,47,21,0.44680851063829785,0.3076923076923077,0.6190476190476191,1.3363028953229397,1.4966666666666668,3.2490004442470224,0.12549999999999994,38
leaky,28,roving_ramp50,0.32730808680183704,0.2494798824441989,0.0,1.928150999789614,0.4006568508386688,1.928150999789614,0.0,0.463800877046537,3.0137967486409982,0.31367013685898704,28,24,4,0,7,19,2,0,8,0,12,52,26,0.5,0.25,0.7916666666666666,0.0,0.5275000000000001,3.030053143259916,0.37424999999999997,48
leaky,27,roving_ramp,0.16802787558330295,0.332387195313733,0.0,5.512545716272563,0.3892537224869713,5.512545716272563,0.0,0.5697812492306582,2.8992890982144757,0.44647005688693414,36,8,5,0,29,8,0,0,34,2,138,44,37,0.8409090909090909,0.8055555555555556,1.0,0.4959702417854928,4.032500000000001,0.43946188340807224,0.45699999999999996,211
leaky,29,roving_ramp,0.13282528137347926,0.1498250448489871,0.0,3.1570243367662516,0.37194359051873854,3.1570243367662516,0.0,0.475331358116503,2.4078679737813253,0.4292527051250752,39,8,5,0,20,8,4,0,20,1,28,47,28,0.5957446808510638,0.5128205128205128,1.0,0.5402971634398919,1.8508333333333336,2.28627614814447,0.22475,81
leaky,27,roving_ramp50,0.16802787558330295,0.332387195313733,0.0,5.512545716272563,0.3892537224869713,5.512545716272563,0.0,0.5697812492306582,2.8992890982144757,0.44647005688693414,24,21,5,0,19,21,1,0,18,1,127,45,40,0.8888888888888888,0.7916666666666666,1.0,0.6715165081141578,1.4891666666666667,1.1882798940348969,0.3325,187
transient,0,roving_ramp50,0.21733157445258963,0.1942414176355158,1.0,8.399335342064418,1.0065951762336052,0.0,8.399335342064418,1.3858255225929121,3.6959709883783356,0.0,26,20,6,0,16,7,0,0,1,0,3,46,23,0.5,0.6153846153846154,0.35,0.0,0.95,0.6421116017663727,0.24275000000000002,27
leaky,26,roving_ramp50,0.4062658281679377,0.3987848711257845,0.0,2.4444406639290794,0.39968964605123397,2.4444406639290794,0.0,0.4797413771467541,3.5756271420894192,0.31397568957203525,30,20,5,0,11,15,1,0,4,0,11,50,26,0.52,0.36666666666666664,0.75,0.0,0.55,3.364925092405016,0.49849999999999994,42
leaky,23,roving_ramp,0.1215394183270462,0.06278715786338306,0.0,5.029269928160413,0.30919431059320157,5.029269928160413,0.0,0.4738952869092967,3.1381301814629343,0.2819730372562731,37,8,5,0,10,5,2,0,7,0,5,45,15,0.3333333333333333,0.2702702702702703,0.625,0.0,2.533333333333333,2.178305271874189,0.15700000000000003,29
leaky,29,roving_ramp50,0.13282528137347926,0.1498250448489871,0.0,3.1570243367662516,0.37194359051873854,3.1570243367662516,0.0,0.475331358116503,2.4078679737813253,0.4292527051250752,27,16,12,0,21,14,7,0,7,0,26,43,35,0.813953488372093,0.7777777777777778,0.875,0.0,1.5350000000000001,2.1893292682926773,0.16849999999999998,75
leaky,26,roving_ramp,0.4062658281679377,0.3987848711257845,0.0,2.4444406639290794,0.39968964605123397,2.4444406639290794,0.0,0.4797413771467541,3.5756271420894192,0.31397568957203525,35,12,1,0,21,6,0,0,9,1,16,47,27,0.574468085106383,0.6,0.5,0.3057324840764331,3.2708333333333335,1.3510455104551027,0.39874999999999994,53
transient,4,roving_ramp,0.2639780389320353,0.3211049307476969,1.0,7.959155327263409,1.2329398448293245,0.0,7.959155327263409,1.5922960448811925,3.565394706098165,0.0,36,11,2,0,28,3,0,0,0,0,9,47,31,0.6595744680851063,0.7777777777777778,0.2727272727272727,0.0,3.0383333333333336,0.4374316939891018,0.32099999999999995,40
leaky,28,roving_ramp,0.32730808680183704,0.2494798824441989,0.0,1.928150999789614,0.4006568508386688,1.928150999789614,0.0,0.463800877046537,3.0137967486409982,0.31367013685898704,40,10,3,0,22,6,1,0,10,0,15,50,28,0.56,0.55,0.6,0.0,1.1408333333333334,2.399459532563403,0.44325000000000003,54
transient,0,roving_ramp,0.21733157445258963,0.1942414176355158,1.0,8.399335342064418,1.0065951762336052,0.0,8.399335342064418,1.3858255225929121,3.6959709883783356,0.0,39,8,4,0,22,2,0,0,2,0,4,47,24,0.5106382978723404,0.5641025641025641,0.25,0.0,2.3375,0.5428241377821914,0.169875,30
transient,4,roving_ramp50,0.2639780389320353,0.3211049307476969,1.0,7.959155327263409,1.2329398448293245,0.0,7.959155327263409,1.5922960448811925,3.565394706098165,0.0,26,25,3,0,16,7,0,0,3,0,5,51,23,0.45098039215686275,0.6153846153846154,0.28,0.0,1.095,0.44278336504488525,0.24075000000000002,31
transient,1,roving_ramp50,0.19945133362209855,0.17641281243195892,1.0,7.103447891454047,1.2033883596473594,0.0,7.103447891454047,1.5241093327379878,2.417609598357629,0.0,27,21,6,0,9,11,4,0,4,0,2,48,20,0.4166666666666667,0.3333333333333333,0.5238095238095238,0.0,1.1616666666666666,1.6763645615088034,0.1765,30
transient,3,roving_ramp,0.2337939394940986,0.18649591385551476,1.0,5.0443280952028005,0.9731998708673456,0.0,5.0443280952028005,1.2009514979649687,2.585215836516339,0.0,42,10,2,0,18,7,0,0,9,0,9,52,25,0.4807692307692308,0.42857142857142855,0.7,0.0,1.2158333333333333,0.7133392226148451,0.13975000000000004,43
transient,5,roving_ramp,0.20672917307247954,0.23117981965215076,1.0,7.098857239478364,0.9556357963946965,0.0,7.098857239478364,1.2761495013542343,3.007609446454552,0.0,39,7,5,0,29,3,1,0,6,0,11,46,32,0.6956521739130435,0.7435897435897436,0.42857142857142855,0.0,1.5150000000000001,0.4534890526370019,0.11549999999999994,50
transient,2,roving_ramp50,0.1774978890554904,0.2989500649906732,1.0,9.559933314372564,1.1934115027982481,0.0,9.559933314372564,1.6250428967521318,2.6662044405574736,0.0,27,22,8,0,22,15,2,0,6,0,21,49,37,0.7551020408163265,0.8148148148148148,0.6818181818181818,0.0,0.7875,0.4836079791847374,0.14949999999999997,66
transient,2,roving_ramp,0.1774978890554904,0.2989500649906732,1.0,9.559933314372564,1.1934115027982481,0.0,9.559933314372564,1.6250428967521318,2.6662044405574736,0.0,39,8,4,0,34,5,2,0,4,0,22,47,39,0.8297872340425532,0.8717948717948718,0.625,0.0,1.9575,0.3753076292042742,0.29899999999999993,67
transient,1,roving_ramp,0.19945133362209855,0.17641281243195892,1.0,7.103447891454047,1.2033883596473594,0.0,7.103447891454047,1.5241093327379878,2.417609598357629,0.0,42,12,2,0,21,1,1,0,5,1,4,54,22,0.4074074074074074,0.5,0.08333333333333333,0.7590132827324477,1.3175000000000001,0.7399466548470379,0.08825000000000005,33
transient,3,roving_ramp50,0.2337939394940986,0.18649591385551476,1.0,5.0443280952028005,0.9731998708673456,0.0,5.0443280952028005,1.2009514979649687,2.585215836516339,0.0,33,21,5,0,15,9,2,0,7,1,5,54,24,0.4444444444444444,0.45454545454545453,0.42857142857142855,1.3953488372093024,0.7166666666666667,0.951503695651085,0.23299999999999998,39
transient,5,roving_ramp50,0.20672917307247954,0.23117981965215076,1.0,7.098857239478364,0.9556357963946965,0.0,7.098857239478364,1.2761495013542343,3.007609446454552,0.0,25,19,6,0,16,4,0,0,5,0,6,44,20,0.45454545454545453,0.64,0.21052631578947367,0.0,1.1141666666666667,0.6325590839884143,0.34675,31
transient,10,roving_ramp,0.2736104126589208,0.30617820116884326,1.0,6.9994538602361525,1.1387597183736802,0.0,6.9994538602361525,1.4547853565512523,3.539242491141568,0.0,34,11,3,0,26,4,0,0,0,0,6,45,30,0.6666666666666666,0.7647058823529411,0.36363636363636365,0.0,4.0841666666666665,0.4863436534454896,0.3015,36
transient,7,roving_ramp,0.1444233395540121,0.12839181781200318,1.0,4.931754270820521,0.5684471543281708,0.0,4.931754270820521,0.7911160684880592,3.1098072045758998,0.0,34,8,6,0,20,1,2,0,11,0,6,42,21,0.5,0.5882352941176471,0.125,0.0,1.7608333333333335,0.8351621555718284,0.06425000000000003,40
transient,6,roving_ramp,0.17111177774790606,0.10927714306997804,1.0,9.26605632062591,1.0861657054491958,0.0,9.26605632062591,1.504528540691363,2.841919481162474,0.0,37,7,7,0,8,3,4,0,4,0,3,44,11,0.25,0.21621621621621623,0.42857142857142855,0.0,1.9808333333333334,3.3716475095786214,0.10924999999999996,22
transient,10,roving_ramp50,0.2736104126589208,0.30617820116884326,1.0,6.9994538602361525,1.1387597183736802,0.0,6.9994538602361525,1.4547853565512523,3.539242491141568,0.0,28,20,5,0,18,3,0,0,0,0,5,48,21,0.4375,0.6428571428571429,0.15,0.0,1.896666666666667,0.345725995316171,0.2297499999999999,26
transient,6,roving_ramp50,0.17111177774790606,0.10927714306997804,1.0,9.26605632062591,1.0861657054491958,0.0,9.26605632062591,1.504528540691363,2.841919481162474,0.0,25,21,5,0,8,6,0,0,8,1,1,46,14,0.30434782608695654,0.32,0.2857142857142857,0.5799903334944417,1.7241666666666666,1.4522872394409077,0.15025,24
transient,8,roving_ramp50,0.0678964174309352,0.09140493755417574,1.0,12.886041890812429,0.8161814213323626,0.0,12.886041890812429,1.39798675835469,2.8262335596398684,0.0,25,22,6,0,12,11,9,0,14,1,9,47,23,0.48936170212765956,0.48,0.5,0.6088280060882799,1.6425000000000003,0.6580298215596339,0.04574999999999996,56
transient,8,roving_ramp,0.0678964174309352,0.09140493755417574,1.0,12.886041890812429,0.8161814213323626,0.0,12.886041890812429,1.39798675835469,2.8262335596398684,0.0,40,13,1,0,23,7,0,0,16,2,9,53,30,0.5660377358490566,0.575,0.5384615384615384,1.5936254980079683,1.255,0.6424564970954171,0.09150000000000003,57
transient,7,roving_ramp50,0.1444233395540121,0.12839181781200318,1.0,4.931754270820521,0.5684471543281708,0.0,4.931754270820521,0.7911160684880592,3.1098072045758998,0.0,26,19,7,0,13,16,1,0,11,0,8,45,29,0.6444444444444445,0.5,0.8421052631578947,0.0,1.5125,1.860934930702364,0.14450000000000002,49
transient,13,roving_ramp50,0.26228899481055157,0.20043033343727432,1.0,6.058905507260057,1.0389589305087228,0.0,6.058905507260057,1.3125187707224368,3.1723581543820734,0.0,25,25,3,0,8,6,0,0,3,1,2,50,14,0.28,0.32,0.24,0.46511627906976744,2.15,0.6374323333408376,0.15037499999999993,20
transient,13,roving_ramp,0.26228899481055157,0.20043033343727432,1.0,6.058905507260057,1.0389589305087228,0.0,6.058905507260057,1.3125187707224368,3.1723581543820734,0.0,39,11,3,0,18,4,0,0,1,0,2,50,22,0.44,0.46153846153846156,0.36363636363636365,0.0,2.3008333333333337,0.5981867035160374,0.250625,25
transient,9,roving_ramp50,0.13635277258187767,0.14648145622568218,1.0,10.943509884839177,0.8500584984377777,0.0,10.943509884839177,1.3441584331349952,3.246956261606769,0.0,28,18,9,0,18,9,1,0,4,0,10,46,27,0.5869565217391305,0.6428571428571429,0.5,0.0,1.9266666666666667,0.7915594441585234,0.21975,42
transient,15,roving_ramp50,0.20822744156500494,0.22993743726933072,1.0,6.370515715061766,1.1195872001157567,0.0,6.370515715061766,1.4072162544066757,2.501454306037397,0.0,25,20,6,0,13,8,0,0,6,1,7,45,21,0.4666666666666667,0.52,0.4,0.6091370558375635,1.6416666666666666,1.5632662502891645,0.345,35
transient,9,roving_ramp,0.13635277258187767,0.14648145622568218,1.0,10.943509884839177,0.8500584984377777,0.0,10.943509884839177,1.3441584331349952,3.246956261606769,0.0,43,9,6,0,20,5,3,0,8,1,5,52,25,0.4807692307692308,0.46511627906976744,0.5555555555555556,0.5237887385421213,1.909166666666667,0.6922039384946868,0.07325000000000004,42
transient,11,roving_ramp50,0.09886559600402546,0.09908922373549603,1.0,7.62315240061212,0.7681452632244411,0.0,7.62315240061212,1.1123309169101496,2.627304049682812,0.0,25,20,7,0,10,8,5,0,18,0,8,45,18,0.4,0.4,0.4,0.0,1.4483333333333335,2.0157495885479335,0.111375,49
transient,19,roving_ramp50,0.41750160054475466,0.41176471850196045,1.0,5.698180007275434,1.4483444026266898,0.0,5.698180007275434,1.7056174712413812,3.765449986894587,0.0,25,25,3,0,13,1,0,0,0,0,0,50,14,0.28,0.52,0.04,0.0,1.7316666666666667,0.5965481750943984,0.41174999999999995,14
transient,14,roving_ramp50,0.15013429721495564,0.23613767401563757,1.0,8.397306239787223,0.8395906625387093,0.0,8.397306239787223,1.2187293948442797,2.934412020489978,0.0,25,21,6,0,17,14,1,0,10,1,17,46,31,0.6739130434782609,0.68,0.6666666666666666,0.3902439024390244,2.5625,0.6326695371367058,0.23625000000000002,60
transient,12,roving_ramp,0.2205521892086765,0.1755732965343059,1.0,7.678489711129459,1.2300959789543975,0.0,7.678489711129459,1.576780114553191,2.7530909623105684,0.0,43,6,7,0,18,1,2,0,6,0,0,49,19,0.3877551020408163,0.4186046511627907,0.16666666666666666,0.0,1.5783333333333334,0.7139813581890919,0.6145,27
transient,11,roving_ramp,0.09886559600402546,0.09908922373549603,1.0,7.62315240061212,0.7681452632244411,0.0,7.62315240061212,1.1123309169101496,2.627304049682812,0.0,42,8,6,0,23,6,6,0,19,2,6,50,29,0.58,0.5476190476190477,0.75,0.9371339320577898,2.1341666666666668,1.178629425138054,0.13624999999999998,62
transient,19,roving_ramp,0.41750160054475466,0.41176471850196045,1.0,5.698180007275434,1.4483444026266898,0.0,5.698180007275434,1.7056174712413812,3.765449986894587,0.0,42,9,5,0,24,1,0,0,1,0,2,51,25,0.49019607843137253,0.5714285714285714,0.1111111111111111,0.0,0.9325,0.5367744793974809,0.41174999999999995,28
transient,14,roving_ramp,0.15013429721495564,0.23613767401563757,1.0,8.397306239787223,0.8395906625387093,0.0,8.397306239787223,1.2187293948442797,2.934412020489978,0.0,34,11,2,0,26,6,1,0,16,6,15,45,32,0.7111111111111111,0.7647058823529411,0.5454545454545454,1.3724742661075104,4.371666666666667,0.585363273528607,0.35424999999999995,70
transient,16,roving_ramp,0.02952943350458875,0.04,1.0,11.635956519382166,0.6917496346630048,0.0,11.635956519382166,1.217113564231099,2.712113848142184,0.0,32,10,3,0,15,8,4,0,26,7,10,42,23,0.5476190476190477,0.46875,0.8,2.238209432454037,3.1275,2.7537735849057468,0.06000000000000005,70
transient,15,roving_ramp,0.20822744156500494,0.22993743726933072,1.0,6.370515715061766,1.1195872001157567,0.0,6.370515715061766,1.4072162544066757,2.501454306037397,0.0,37,11,2,0,19,5,2,0,4,0,12,48,24,0.5,0.5135135135135135,0.45454545454545453,0.0,1.3458333333333334,0.5862611925194741,0.11499999999999999,42
transient,18,roving_ramp50,0.011967359778307877,0.04,1.0,9.495973603789865,0.9023629968306125,0.0,9.495973603789865,1.3311066071433495,2.175049338388157,0.0,28,18,9,0,17,14,16,0,20,0,17,46,31,0.6739130434782609,0.6071428571428571,0.7777777777777778,0.0,0.8058333333333334,1.6398197690791463,0.04500000000000004,84
transient,17,roving_ramp,0.017365474595017617,0.04,1.0,9.583221738691902,0.5797647458148849,0.0,9.583221738691902,1.0124476131129219,2.7802141043914728,0.0,42,12,1,0,24,8,0,0,25,1,12,54,32,0.5925925925925926,0.5714285714285714,0.6666666666666666,0.5576208178438662,1.7933333333333334,1.4878869493438178,0.050000000000000044,70
transient,12,roving_ramp50,0.2205521892086765,0.1755732965343059,1.0,7.678489711129459,1.2300959789543975,0.0,7.678489711129459,1.576780114553191,2.7530909623105684,0.0,33,20,7,0,11,7,0,0,1,0,1,53,18,0.33962264150943394,0.3333333333333333,0.35,0.0,0.7675000000000001,1.2610501641845635,0.1755,20
transient,16,roving_ramp50,0.02952943350458875,0.04,1.0,11.635956519382166,0.6917496346630048,0.0,11.635956519382166,1.217113564231099,2.712113848142184,0.0,31,21,7,0,17,15,4,0,21,0,15,52,32,0.6153846153846154,0.5483870967741935,0.7142857142857143,0.0,0.5183333333333333,2.4312303824941472,0.040000000000000036,72
transient,18,roving_ramp,0.011967359778307877,0.04,1.0,9.495973603789865,0.9023629968306125,0.0,9.495973603789865,1.3311066071433495,2.175049338388157,0.0,38,12,2,0,27,8,2,0,28,1,15,50,35,0.7,0.7105263157894737,0.6666666666666666,0.5777563793933558,1.7308333333333334,1.7001055966209195,0.040000000000000036,81
transient,17,roving_ramp50,0.017365474595017617,0.04,1.0,9.583221738691902,0.5797647458148849,0.0,9.583221738691902,1.0124476131129219,2.7802141043914728,0.0,23,22,5,0,14,16,8,0,22,2,15,45,30,0.6666666666666666,0.6086956521739131,0.7272727272727273,1.6382252559726962,1.2208333333333334,1.8542971096051926,0.050000000000000044,77
transient,22,roving_ramp50,0.23548835972556048,0.21555588372892204,1.0,5.97682471097774,1.0990064055984228,0.0,5.97682471097774,1.3688602943843255,2.6574745229675387,0.0,28,19,7,0,17,6,2,0,5,1,6,47,23,0.48936170212765956,0.6071428571428571,0.3157894736842105,2.0066889632107023,0.49833333333333335,0.6948565776458817,0.21550000000000002,37
transient,21,roving_ramp50,0.1941875601282773,0.20292015364403912,1.0,8.551524207515742,1.0496029336115877,0.0,8.551524207515742,1.4357046136903733,3.006530906832228,0.0,29,19,6,0,17,12,1,0,2,0,9,48,29,0.6041666666666666,0.5862068965517241,0.631578947368421,0.0,0.8108333333333334,0.6895814237702602,0.25375000000000003,41
transient,21,roving_ramp,0.1941875601282773,0.20292015364403912,1.0,8.551524207515742,1.0496029336115877,0.0,8.551524207515742,1.4357046136903733,3.006530906832228,0.0,39,8,5,0,24,2,2,0,8,0,2,47,26,0.5531914893617021,0.6153846153846154,0.25,0.0,2.4691666666666667,0.5482984174790297,0.25375,38
transient,20,roving_ramp,0.12176717802306712,0.10410568809545628,1.0,4.19805813659441,0.5700576180068055,0.0,4.19805813659441,0.7596001206384376,2.8857694505110985,0.0,46,10,4,0,29,6,6,0,21,1,9,56,35,0.625,0.6304347826086957,0.6,0.8146639511201629,1.2275,1.689563679245291,0.20825000000000005,72
transient,23,roving_ramp50,0.0100013373778227,0.04,1.0,7.998984298223247,0.3888875760563898,0.0,7.998984298223247,0.7500420558336296,3.0962482428431963,0.0,25,21,7,0,12,13,7,0,33,1,12,46,25,0.5434782608695652,0.48,0.6190476190476191,0.9433962264150942,1.06,1.9648437500000404,0.040000000000000036,78
transient,20,roving_ramp50,0.12176717802306712,0.10410568809545628,1.0,4.19805813659441,0.5700576180068055,0.0,4.19805813659441,0.7596001206384376,2.8857694505110985,0.0,27,20,8,0,15,12,10,0,19,2,9,47,27,0.574468085106383,0.5555555555555556,0.6,1.386481802426343,1.4425000000000001,1.6671112296612431,0.13012500000000005,67
transient,22,roving_ramp,0.23548835972556048,0.21555588372892204,1.0,5.97682471097774,1.0990064055984228,0.0,5.97682471097774,1.3688602943843255,2.6574745229675387,0.0,41,8,4,0,23,4,1,0,3,3,10,49,27,0.5510204081632653,0.5609756097560976,0.5,2.1778584392014517,1.3775000000000002,0.6654497178891833,0.485,44
transient,28,roving_ramp50,0.21937557143049302,0.21986329563909732,1.0,7.905044750453569,0.878910252737787,0.0,7.905044750453569,1.235823357955409,3.7912200088765395,0.0,26,24,4,0,11,7,0,0,0,1,4,50,18,0.36,0.4230769230769231,0.2916666666666667,0.8064516129032259,1.24,0.6930426291099483,0.21975,23
transient,29,roving_ramp,0.25217685589979016,0.27984309946549757,1.0,6.3829902662460585,0.8830842040712317,0.0,6.3829902662460585,1.1712764848763493,3.5193901893146973,0.0,40,10,3,0,22,2,0,0,2,0,3,50,24,0.48,0.55,0.2,0.0,2.0175,0.5906400682199513,0.31487499999999996,29
transient,27,roving_ramp50,0.20645290131571806,0.27962966084627866,1.0,9.308803221470269,1.1867889863379457,0.0,9.308803221470269,1.6070818459633291,3.3001299870613234,0.0,26,20,6,0,21,11,0,0,0,0,8,46,32,0.6956521739130435,0.8076923076923077,0.55,0.0,1.2800000000000002,0.44430746277583005,0.20975,40
transient,23,roving_ramp,0.0100013373778227,0.04,1.0,7.998984298223247,0.3888875760563898,0.0,7.998984298223247,0.7500420558336296,3.0962482428431963,0.0,38,13,1,0,20,9,3,0,30,1,19,51,29,0.5686274509803921,0.5263157894736842,0.6923076923076923,0.6880733944954128,1.4533333333333334,1.2272058823529184,0.030000000000000027,82
transient,25,roving_ramp,0.22598598894812932,0.3278962992303689,1.0,7.1165829846439195,1.2352264814314473,0.0,7.1165829846439195,1.5565405045357967,2.5950397211014034,0.0,39,10,4,0,32,5,1,0,4,1,23,49,37,0.7551020408163265,0.8205128205128205,0.5,0.5364327223960661,1.8641666666666667,0.2748287671232616,0.40974999999999995,66
transient,24,roving_ramp50,0.12092335859987585,0.12945413406223372,1.0,9.172727325171929,0.6841611047548589,0.0,9.172727325171929,1.0983101319003157,3.2086359384430976,0.0,25,21,5,0,14,16,1,0,15,0,14,46,30,0.6521739130434783,0.56,0.7619047619047619,0.0,1.3725,1.1195425094305507,0.11324999999999996,60
transient,25,roving_ramp50,0.22598598894812932,0.3278962992303689,1.0,7.1165829846439195,1.2352264814314473,0.0,7.1165829846439195,1.5565405045357967,2.5950397211014034,0.0,24,18,8,0,18,9,0,0,3,0,16,42,27,0.6428571428571429,0.75,0.5,0.0,1.4925000000000002,0.3160564622849565,0.32799999999999996,46
transient,26,roving_ramp,0.18090069087695182,0.15861988678751504,1.0,10.100830954521056,0.8726942677275454,0.0,10.100830954521056,1.3287472130381377,3.7279939833279125,0.0,41,10,3,0,20,3,1,0,2,0,6,51,23,0.45098039215686275,0.4878048780487805,0.3,0.0,1.8416666666666666,0.6814917766967818,0.07925000000000004,32
transient,27,roving_ramp,0.20645290131571806,0.27962966084627866,1.0,9.308803221470269,1.1867889863379457,0.0,9.308803221470269,1.6070818459633291,3.3001299870613234,0.0,33,11,2,0,24,4,1,0,6,0,16,44,28,0.6363636363636364,0.7272727272727273,0.36363636363636365,0.0,2.7816666666666667,0.35595502058917133,0.24475000000000002,51
transient,24,roving_ramp,0.12092335859987585,0.12945413406223372,1.0,9.172727325171929,0.6841611047548589,0.0,9.172727325171929,1.0983101319003157,3.2086359384430976,0.0,40,9,5,0,22,6,2,0,12,1,9,49,28,0.5714285714285714,0.55,0.6666666666666666,0.4932182490752157,2.0275000000000003,0.7266533554709224,0.17799999999999994,52
transient,29,roving_ramp50,0.25217685589979016,0.27984309946549757,1.0,6.3829902662460585,0.8830842040712317,0.0,6.3829902662460585,1.1712764848763493,3.5193901893146973,0.0,21,17,10,0,17,6,3,0,3,1,10,38,23,0.6052631578947368,0.8095238095238095,0.35294117647058826,0.47961630695443647,2.085,0.6379211878926272,0.31475000000000003,40
transient,26,roving_ramp50,0.18090069087695182,0.15861988678751504,1.0,10.100830954521056,0.8726942677275454,0.0,10.100830954521056,1.3287472130381377,3.7279939833279125,0.0,26,17,11,0,10,7,1,0,6,2,3,43,17,0.3953488372093023,0.38461538461538464,0.4117647058823529,1.0638297872340425,1.8800000000000001,0.8864864864864711,0.238,29
mixed,0,roving_ramp50,0.14446197185141813,0.1435443655922803,0.5308676686061702,1.037680265216494,0.7602270827493179,1.8744869333620922,4.6406965970471346,1.0311413398882696,2.9981979637510565,0.0,18,22,7,0,8,19,2,0,5,3,17,40,27,0.675,0.4444444444444444,0.8636363636363636,0.9188361408882082,3.265,2.832749283211224,0.21525000000000005,54
mixed,1,roving_ramp,0.08935903077889233,0.06612431919649536,0.6323548659579724,1.1285072568325882,0.7138857775683045,1.5975581459287655,6.011717482918223,1.0376326872145576,2.819330309208217,0.0,35,13,1,0,14,9,1,0,21,1,9,48,23,0.4791666666666667,0.4,0.6923076923076923,0.45300113250283114,2.2075000000000005,2.5016019935920633,0.09925000000000006,55
mixed,1,roving_ramp50,0.08935903077889233,0.06612431919649536,0.6323548659579724,1.1285072568325882,0.7138857775683045,1.5975581459287655,6.011717482918223,1.0376326872145576,2.819330309208217,0.0,23,20,6,0,10,12,2,0,12,3,9,43,22,0.5116279069767442,0.43478260869565216,0.6,2.5974025974025974,1.155,2.5946861975574147,0.09925000000000006,48
mixed,2,roving_ramp,0.23744895460809168,0.27639829263589993,0.0569528516203099,0.9137825689240607,1.0675376292647807,3.3181786995252343,0.4384213402610866,1.1959977003481814,2.7804826386001906,0.0,40,8,5,0,24,8,2,0,18,1,44,48,32,0.6666666666666666,0.6,1.0,0.34722222222222215,2.8800000000000003,1.087438822059415,0.36324999999999996,97
transient,28,roving_ramp,0.21937557143049302,0.21986329563909732,1.0,7.905044750453569,0.878910252737787,0.0,7.905044750453569,1.235823357955409,3.7912200088765395,0.0,39,11,3,0,20,4,0,0,2,1,3,50,24,0.48,0.5128205128205128,0.36363636363636365,0.46674445740956827,2.1425,0.5074652951855849,0.30225,30
mixed,0,roving_ramp,0.14446197185141813,0.1435443655922803,0.5308676686061702,1.037680265216494,0.7602270827493179,1.8744869333620922,4.6406965970471346,1.0311413398882696,2.9981979637510565,0.0,39,11,3,0,25,9,0,0,12,0,16,50,34,0.68,0.6410256410256411,0.8181818181818182,0.0,1.3800000000000001,1.504524226503193,0.35875,62
mixed,3,roving_ramp50,0.19611876722945146,0.2100569979947556,0.5859282920133323,1.2307985395157504,1.0902623748805722,1.9623931788589284,6.07525879823216,1.4288259726071688,3.072416372162481,0.0,27,19,8,0,15,9,2,0,5,1,6,46,24,0.5217391304347826,0.5555555555555556,0.47368421052631576,0.5417607223476297,1.8458333333333334,1.120469039888691,0.41999999999999993,38
mixed,2,roving_ramp50,0.23744895460809168,0.27639829263589993,0.0569528516203099,0.9137825689240607,1.0675376292647807,3.3181786995252343,0.4384213402610866,1.1959977003481814,2.7804826386001906,0.0,26,23,4,0,18,23,1,0,12,0,49,49,41,0.8367346938775511,0.6923076923076923,1.0,0.0,1.2025000000000001,2.143894107600337,0.4145,103
mixed,6,roving_ramp50,0.24585014185415352,0.2524050432514277,0.7949865208845698,1.0145711369140122,1.0230950445415536,0.8009186644488144,6.794783294127789,1.3561086717395148,3.7354709007053666,0.0,24,23,6,0,14,11,0,0,1,0,6,47,25,0.5319148936170213,0.5833333333333334,0.4782608695652174,0.0,1.7475,0.657713651498378,0.37849999999999995,32
mixed,5,roving_ramp,0.20568130300929982,0.2274344926241138,0.28005863722371954,1.1678400748429523,0.9865855036673626,3.2374569012316448,2.755279667609646,1.2170083096475317,3.13600437140183,0.0,34,12,4,0,18,10,0,0,11,0,26,46,28,0.6086956521739131,0.5294117647058824,0.8333333333333334,0.0,2.1141666666666667,1.3662197701884198,0.31275000000000003,65
mixed,4,roving_ramp50,0.19617122771517279,0.27588402804359163,0.8208894989855657,0.8911766013519143,1.1576308747704476,0.6146223085762315,6.16285312104493,1.4560119042749375,2.4617434046500226,0.0,25,21,4,0,15,15,2,0,4,1,15,46,30,0.6521739130434783,0.6,0.7142857142857143,0.5859375,1.7066666666666668,0.8894240489568679,0.276,52
mixed,3,roving_ramp,0.19611876722945146,0.2100569979947556,0.5859282920133323,1.2307985395157504,1.0902623748805722,1.9623931788589284,6.07525879823216,1.4288259726071688,3.072416372162481,0.0,38,14,1,0,23,9,0,0,3,1,18,52,32,0.6153846153846154,0.6052631578947368,0.6428571428571429,0.41407867494824013,2.415,0.7108153621913258,0.31499999999999995,54
mixed,5,roving_ramp50,0.20568130300929982,0.2274344926241138,0.28005863722371954,1.1678400748429523,0.9865855036673626,3.2374569012316448,2.755279667609646,1.2170083096475317,3.13600437140183,0.0,27,19,6,0,16,17,2,0,9,0,37,46,33,0.717391304347826,0.5925925925925926,0.8947368421052632,0.0,0.8291666666666667,1.9374745417515409,0.2842499999999999,81
mixed,4,roving_ramp,0.19617122771517279,0.27588402804359163,0.8208894989855657,0.8911766013519143,1.1576308747704476,0.6146223085762315,6.16285312104493,1.4560119042749375,2.4617434046500226,0.0,40,11,3,0,29,7,0,0,7,0,18,51,36,0.7058823529411765,0.725,0.6363636363636364,0.0,1.2158333333333333,0.47891460778500194,0.276,61
mixed,6,roving_ramp,0.24585014185415352,0.2524050432514277,0.7949865208845698,1.0145711369140122,1.0230950445415536,0.8009186644488144,6.794783294127789,1.3561086717395148,3.7354709007053666,0.0,37,11,3,0,24,4,1,0,1,0,7,48,28,0.5833333333333334,0.6486486486486487,0.36363636363636365,0.0,2.4466666666666668,0.5492503669124212,0.3469999999999999,37
mixed,7,roving_ramp,0.18085231406746116,0.18140994107456362,0.4402911900057085,0.9699761081430519,0.8361526942678448,2.0904831707459337,3.597778106962508,1.0670526871944659,3.086225239282948,0.0,38,10,3,0,25,8,1,0,8,1,7,48,33,0.6875,0.6578947368421053,0.8,0.35982008995502246,2.779166666666667,1.3249896565990924,0.204125,50
mixed,7,roving_ramp50,0.18085231406746116,0.18140994107456362,0.4402911900057085,0.9699761081430519,0.8361526942678448,2.0904831707459337,3.597778106962508,1.0670526871944659,3.086225239282948,0.0,26,20,6,0,12,15,2,0,5,1,21,46,27,0.5869565217391305,0.46153846153846156,0.75,0.9382329945269742,1.0658333333333334,2.3084597796715935,0.3175,56
mixed,11,roving_ramp50,0.3508788073727582,0.4349713098195379,0.31826917311030584,1.14555105382534,1.681283555520361,3.0071208193644243,3.0714423419624444,1.9184379616608203,2.951822218455656,0.0,21,20,10,0,11,16,0,0,1,0,8,41,27,0.6585365853658537,0.5238095238095238,0.8,0.0,2.085,1.3982300884956156,0.4425,36
mixed,8,roving_ramp,0.17070038664784282,0.1038134373765605,0.3437241257255021,1.4199835386610293,0.9990870634529125,3.588337177026059,4.111749685180462,1.3022453459986216,3.095189528023236,0.0,43,13,1,0,11,9,0,0,4,0,6,56,20,0.35714285714285715,0.2558139534883721,0.6923076923076923,0.0,0.6558333333333334,2.159798145505115,0.18175000000000008,30
mixed,9,roving_ramp,0.15732839400155788,0.10684039798872683,0.045623460406423996,1.8897667333196155,1.0759162499512438,6.944667387986624,0.7263229446192885,1.3361371050543336,3.42098359755797,0.0,37,8,6,0,10,4,1,0,5,0,7,45,14,0.3111111111111111,0.2702702702702703,0.5,0.0,2.235,1.790223853228726,0.29375,27
mixed,8,roving_ramp50,0.17070038664784282,0.1038134373765605,0.3437241257255021,1.4199835386610293,0.9990870634529125,3.588337177026059,4.111749685180462,1.3022453459986216,3.095189528023236,0.0,25,22,5,0,9,11,2,0,2,0,8,47,20,0.425531914893617,0.36,0.5,0.0,1.185,3.1438504790310686,0.15575000000000006,32
mixed,9,roving_ramp50,0.15732839400155788,0.10684039798872683,0.045623460406423996,1.8897667333196155,1.0759162499512438,6.944667387986624,0.7263229446192885,1.3361371050543336,3.42098359755797,0.0,29,17,11,0,11,11,0,0,1,0,17,46,22,0.4782608695652174,0.3793103448275862,0.6470588235294118,0.0,0.9025000000000001,2.668077864431432,0.21375,40
mixed,15,roving_ramp50,0.3042610171573916,0.350426264982405,0.5713961740457812,0.9403221725149009,1.4781959790490475,1.5518731382058426,4.52634180998088,1.7333819993245718,2.6823471623606916,0.0,24,21,4,0,14,13,0,0,3,0,13,45,27,0.6,0.5833333333333334,0.6190476190476191,0.0,2.345,0.8653386454183293,0.44999999999999996,43
mixed,10,roving_ramp50,0.3406150940088443,0.3899669836545776,0.3355298460289968,0.9510585131567647,1.3141399780977578,2.4333591414156364,2.688262890737619,1.5152039894570957,3.249500825208091,0.0,23,19,7,0,15,12,0,0,1,0,13,42,27,0.6428571428571429,0.6521739130434783,0.631578947368421,0.0,2.4916666666666667,0.7503105590062631,0.42,41
mixed,15,roving_ramp,0.3042610171573916,0.350426264982405,0.5713961740457812,0.9403221725149009,1.4781959790490475,1.5518731382058426,4.52634180998088,1.7333819993245718,2.6823471623606916,0.0,43,12,0,0,20,6,0,0,1,0,8,55,26,0.4727272727272727,0.46511627906976744,0.5,0.0,1.1758333333333333,0.50337647072059,0.30662500000000004,35
mixed,13,roving_ramp,0.13508232732095482,0.13074492563908424,0.4284119917344952,1.683932227476794,1.0187529082813167,3.7062201519742715,6.0774244596779745,1.414521979097037,2.9466231576020228,0.0,42,11,3,0,25,10,0,0,8,0,21,53,35,0.660377358490566,0.5952380952380952,0.9090909090909091,0.0,2.174166666666667,0.9542776998597599,0.163375,64
mixed,11,roving_ramp,0.3508788073727582,0.4349713098195379,0.31826917311030584,1.14555105382534,1.681283555520361,3.0071208193644243,3.0714423419624444,1.9184379616608203,2.951822218455656,0.0,37,13,2,0,23,10,0,0,4,0,19,50,33,0.66,0.6216216216216216,0.7692307692307693,0.0,2.381666666666667,0.5376165113182454,0.43500000000000005,56
mixed,12,roving_ramp50,0.15045587769592605,0.12084449714949262,0.803671071094514,1.736573283447507,1.2478455868481604,1.3128070737882196,11.757224015795346,1.8216771932171805,3.074520170238892,0.0,26,20,8,0,13,10,3,0,1,0,8,46,23,0.5,0.5,0.5,0.0,0.6175,1.239454899415982,0.13587499999999997,35
mixed,10,roving_ramp,0.3406150940088443,0.3899669836545776,0.3355298460289968,0.9510585131567647,1.3141399780977578,2.4333591414156364,2.688262890737619,1.5152039894570957,3.249500825208091,0.0,37,11,2,0,22,9,0,0,4,0,20,48,31,0.6458333333333334,0.5945945945945946,0.8181818181818182,0.0,1.7916666666666667,0.9662181505868881,0.39,55
mixed,13,roving_ramp50,0.13508232732095482,0.13074492563908424,0.4284119917344952,1.683932227476794,1.0187529082813167,3.7062201519742715,6.0774244596779745,1.414521979097037,2.9466231576020228,0.0,32,20,7,0,16,15,1,0,8,0,27,52,31,0.5961538461538461,0.5,0.75,0.0,0.8941666666666668,2.1782045556051814,0.32675,67
mixed,16,roving_ramp,0.19196706417138612,0.16277559227051358,0.0833218858160625,0.6408671123997551,1.0363807688029993,2.2620819980401947,0.4498424316323661,1.1307709345006711,2.349855024374685,0.0,42,10,3,0,22,6,2,0,18,1,15,52,28,0.5384615384615384,0.5238095238095238,0.6,0.8727272727272728,1.1458333333333333,2.31316430069501,0.26450000000000007,64
mixed,14,roving_ramp50,0.10723990703081324,0.09968683417511881,0.39597489888432663,1.5391459959031302,1.0004107675724938,3.5797961711724593,5.134294967664283,1.3494573079100047,2.5009819919689216,0.0,30,19,7,0,17,15,3,0,16,0,22,49,32,0.6530612244897959,0.5666666666666667,0.7894736842105263,0.0,0.85,1.424473575644292,0.14949999999999997,73
mixed,16,roving_ramp50,0.19196706417138612,0.16277559227051358,0.0833218858160625,0.6408671123997551,1.0363807688029993,2.2620819980401947,0.4498424316323661,1.1307709345006711,2.349855024374685,0.0,27,21,7,0,15,15,4,0,15,2,22,48,30,0.625,0.5555555555555556,0.7142857142857143,1.54539600772698,1.2941666666666667,2.187418354114734,0.24424999999999997,73
mixed,17,roving_ramp,0.09905086592223587,0.09494965592262279,0.48205728995781577,1.339244783133124,0.6009849196142989,2.6709464675828323,5.43866063480439,0.9340101308298918,3.33328891604474,0.0,40,12,2,0,19,6,3,0,16,1,14,52,25,0.4807692307692308,0.475,0.5,0.7237635705669481,1.3816666666666668,1.0626717976910571,0.261,59
mixed,14,roving_ramp,0.10723990703081324,0.09968683417511881,0.39597489888432663,1.5391459959031302,1.0004107675724938,3.5797961711724593,5.134294967664283,1.3494573079100047,2.5009819919689216,0.0,45,11,2,0,23,9,0,0,7,1,22,56,32,0.5714285714285714,0.5111111111111111,0.8181818181818182,0.7250755287009063,1.3791666666666667,0.9580912694459456,0.1745000000000001,62
mixed,12,roving_ramp,0.15045587769592605,0.12084449714949262,0.803671071094514,1.736573283447507,1.2478455868481604,1.3128070737882196,11.757224015795346,1.8216771932171805,3.074520170238892,0.0,36,10,4,0,11,6,0,0,6,1,2,46,17,0.3695652173913043,0.3055555555555556,0.6,0.3700277520814061,2.7025,0.6178689297501402,0.15099999999999997,26
mixed,17,roving_ramp50,0.09905086592223587,0.09494965592262279,0.48205728995781577,1.339244783133124,0.6009849196142989,2.6709464675828323,5.43866063480439,0.9340101308298918,3.33328891604474,0.0,30,22,6,0,18,21,2,0,13,1,23,52,39,0.75,0.6,0.9545454545454546,1.1494252873563218,0.87,2.1708454810495663,0.14250000000000007,78
mixed,20,roving_ramp50,0.24000289352464463,0.3271158169226384,0.8759758291332015,1.1417846753224892,1.186741578997874,0.5452730555485453,8.42577144889467,1.5850223837782198,3.7110565665125375,0.0,28,20,6,0,22,8,0,0,0,0,12,48,30,0.625,0.7857142857142857,0.4,0.0,1.4016666666666668,0.4109610240433644,0.32699999999999996,42
mixed,20,roving_ramp,0.24000289352464463,0.3271158169226384,0.8759758291332015,1.1417846753224892,1.186741578997874,0.5452730555485453,8.42577144889467,1.5850223837782198,3.7110565665125375,0.0,39,10,4,0,31,2,0,0,2,0,10,49,33,0.673469387755102,0.7948717948717948,0.2,0.0,1.8550000000000002,0.4184432325235469,0.368,45
mixed,18,roving_ramp50,0.14817956005161093,0.12289388601486045,0.8438925209774779,1.5693836510697465,1.2296678649411237,0.9433575510236397,11.1570557728166,1.7643029371663879,2.862889243290675,0.0,28,21,6,0,7,10,1,0,6,0,5,49,17,0.3469387755102041,0.25,0.47619047619047616,0.0,0.3950000000000001,3.5710971163407215,0.230375,29
mixed,18,roving_ramp,0.14817956005161093,0.12289388601486045,0.8438925209774779,1.5693836510697465,1.2296678649411237,0.9433575510236397,11.1570557728166,1.7643029371663879,2.862889243290675,0.0,37,8,6,0,15,4,1,0,2,0,7,45,19,0.4222222222222222,0.40540540540540543,0.5,0.0,1.0441666666666667,0.6409620629804135,0.15362499999999996,29
mixed,21,roving_ramp,0.21873110941404333,0.17891504774011904,0.22439763647377162,0.8814134346275853,0.8750589468646219,2.6323418310832856,1.6662159448730323,1.036493877186128,3.0736115880318473,0.0,38,11,3,0,15,8,0,0,9,1,15,49,23,0.46938775510204084,0.39473684210526316,0.7272727272727273,0.3113648157758173,3.211666666666667,1.3470620538166183,0.29062499999999997,48
mixed,22,roving_ramp50,0.2492265974479049,0.2809337182040627,0.2980455504718118,1.2372842097122538,1.369031342855241,3.3442743460399385,3.106600838592457,1.6188144241879094,2.8403734881469953,0.0,26,19,8,0,14,15,0,0,5,1,38,45,29,0.6444444444444445,0.5384615384615384,0.7894736842105263,1.284796573875803,0.7783333333333334,1.8929068150208566,0.4215,73
mixed,22,roving_ramp,0.2492265974479049,0.2809337182040627,0.2980455504718118,1.2372842097122538,1.369031342855241,3.3442743460399385,3.106600838592457,1.6188144241879094,2.8403734881469953,0.0,42,9,5,0,21,9,0,0,4,0,20,51,30,0.5882352941176471,0.5,1.0,0.0,1.995,0.8604114750600129,0.4215,54
mixed,23,roving_ramp,0.06955059421010767,0.08244698484777346,0.26652797004265144,1.2873388490038118,0.5971193458166011,3.6357995230416407,2.890473613330359,0.8466912819826158,2.9818002341390706,0.0,36,9,5,0,25,7,1,0,21,5,12,45,32,0.7111111111111111,0.6944444444444444,0.7777777777777778,1.9717384160368057,2.5358333333333336,1.8377788146220881,0.14425,71
mixed,25,roving_ramp,0.17350819181958943,0.18162714097239088,0.1327431100558788,1.1008629846925568,0.8534530579430102,3.676245650787958,1.2310582414276932,1.0294268692527584,3.2404274738910432,0.0,33,12,3,0,14,10,0,0,7,2,16,45,24,0.5333333333333333,0.42424242424242425,0.8333333333333334,0.6539509536784741,3.058333333333333,1.5167641978378201,0.27249999999999996,49
mixed,19,roving_ramp50,0.22268602709653051,0.20166039945329023,0.6750990617778166,1.2257503041351998,1.1017963054084867,1.53347419012226,6.971124774691373,1.466761842368141,3.5430453072097476,0.0,28,22,6,0,18,10,0,0,3,0,8,50,28,0.56,0.6428571428571429,0.45454545454545453,0.0,1.1858333333333335,0.7104139112123109,0.352875,39
mixed,21,roving_ramp50,0.21873110941404333,0.17891504774011904,0.22439763647377162,0.8814134346275853,0.8750589468646219,2.6323418310832856,1.6662159448730323,1.036493877186128,3.0736115880318473,0.0,28,21,6,0,11,17,5,0,4,1,22,49,28,0.5714285714285714,0.39285714285714285,0.8095238095238095,1.3986013986013985,0.7150000000000001,2.717460632872829,0.31299999999999994,60
mixed,19,roving_ramp,0.22268602709653051,0.20166039945329023,0.6750990617778166,1.2257503041351998,1.1017963054084867,1.53347419012226,6.971124774691373,1.466761842368141,3.5430453072097476,0.0,42,12,1,0,24,5,0,0,2,0,9,54,29,0.5370370370370371,0.5714285714285714,0.4166666666666667,0.0,1.5441666666666667,0.49937675288251987,0.3025,40
mixed,23,roving_ramp50,0.06955059421010767,0.08244698484777346,0.26652797004265144,1.2873388490038118,0.5971193458166011,3.6357995230416407,2.890473613330359,0.8466912819826158,2.9818002341390706,0.0,25,19,8,0,14,15,3,0,18,1,14,44,29,0.6590909090909091,0.56,0.7894736842105263,0.5976095617529881,1.6733333333333333,3.6954217888936123,0.14425,65
mixed,24,roving_ramp,0.21768061643216458,0.22090058862248174,0.7649678841452099,0.7834430340648607,1.0701723260648828,0.7090194178626712,5.0487511824108084,1.3213429682850093,2.6347624912827334,0.0,38,13,1,0,25,6,0,0,9,1,9,51,31,0.6078431372549019,0.6578947368421053,0.46153846153846156,0.2984332255657796,3.3508333333333336,0.6713548157379714,0.445875,50
mixed,24,roving_ramp50,0.21768061643216458,0.22090058862248174,0.7649678841452099,0.7834430340648607,1.0701723260648828,0.7090194178626712,5.0487511824108084,1.3213429682850093,2.6347624912827334,0.0,29,15,11,0,11,11,4,0,1,1,5,44,22,0.5,0.3793103448275862,0.7333333333333333,1.3856812933025402,0.7216666666666668,0.7876048858383715,0.22100000000000009,33
mixed,25,roving_ramp50,0.17350819181958943,0.18162714097239088,0.1327431100558788,1.1008629846925568,0.8534530579430102,3.676245650787958,1.2310582414276932,1.0294268692527584,3.2404274738910432,0.0,30,21,4,0,15,14,0,0,1,1,28,51,29,0.5686274509803921,0.5,0.6666666666666666,0.6726457399103138,1.4866666666666668,2.6640471512770354,0.34049999999999997,59
mixed_leaky,0,roving_ramp50,0.3938549142784614,0.4675589417299485,0.6814352231994351,0.562075905810783,0.39538211183257016,0.6894713422907474,3.2266576535272553,0.5636449841870121,2.7780457269502823,0.539413669435344,24,18,8,0,18,9,1,0,5,0,6,42,27,0.6428571428571429,0.75,0.5,0.0,1.195,0.7505181835311859,0.23375,39
mixed_leaky,0,roving_ramp,0.3938549142784614,0.4675589417299485,0.6814352231994351,0.562075905810783,0.39538211183257016,0.6894713422907474,3.2266576535272553,0.5636449841870121,2.7780457269502823,0.539413669435344,36,7,5,0,20,5,1,0,4,0,12,43,25,0.5813953488372093,0.5555555555555556,0.7142857142857143,0.0,2.7408333333333337,0.49782372143638587,0.4675,42
mixed,26,roving_ramp,0.2445385627276328,0.2796355868315037,0.11097806059449992,1.0869087520489682,1.190180523042079,3.7207377461399043,1.0161634242100681,1.3579088730208735,2.8515529775525312,0.0,34,11,3,0,20,11,0,0,7,1,32,45,31,0.6888888888888889,0.5882352941176471,1.0,0.44809559372666163,2.231666666666667,1.376568328246864,0.4195,71
mixed_leaky,4,roving_ramp,0.526177848925253,0.5156538687769808,0.2953990408958039,0.7619634783642704,0.43422808321810663,2.06728751276872,1.896166976411059,0.5875406388638125,3.106107635910357,0.710643494664825,42,10,2,0,10,2,0,0,0,0,4,52,12,0.23076923076923078,0.23809523809523808,0.2,0.0,1.4241666666666668,0.4700410124631069,0.48287499999999994,16
mixed_leaky,4,roving_ramp50,0.526177848925253,0.5156538687769808,0.2953990408958039,0.7619634783642704,0.43422808321810663,2.06728751276872,1.896166976411059,0.5875406388638125,3.106107635910357,0.710643494664825,23,18,7,0,8,5,0,0,0,1,4,41,13,0.3170731707317073,0.34782608695652173,0.2777777777777778,0.48484848484848486,2.0625,0.9532188841201732,0.44999999999999996,18
mixed_leaky,3,roving_ramp,0.31824414264422907,0.33767679533611705,0.5292993966883571,1.1425517341470626,0.5677918754830872,2.070828457226236,5.094606141857595,0.8656300554551335,2.8901291025086673,0.7201838653086837,31,11,3,0,15,4,0,0,0,0,5,42,19,0.4523809523809524,0.4838709677419355,0.36363636363636365,0.0,4.6258333333333335,0.6503293297171583,0.379875,24
mixed,28,roving_ramp,0.253868671633331,0.20102117119958104,0.39972647452471216,1.1029390425134642,1.2318673576141923,2.5493190756688375,3.714050167718065,1.4830432202601789,2.986208788603447,0.0,42,10,4,0,19,8,1,0,2,0,14,52,27,0.5192307692307693,0.4523809523809524,0.8,0.0,1.4033333333333333,0.8609484777517988,0.35175,44
mixed,27,roving_ramp50,0.1340386447250053,0.10382030392690042,0.8273657749188796,1.5055164742693876,1.2446682373865916,1.0007737547678914,10.493404297558387,1.7512197111520131,2.431876070104858,0.0,25,17,10,0,9,8,3,0,5,3,6,42,17,0.40476190476190477,0.36,0.47058823529411764,2.1314387211367674,1.4075,1.6255945639863456,0.15575000000000006,34
mixed_leaky,3,roving_ramp50,0.31824414264422907,0.33767679533611705,0.5292993966883571,1.1425517341470626,0.5677918754830872,2.070828457226236,5.094606141857595,0.8656300554551335,2.8901291025086673,0.7201838653086837,25,22,4,0,12,10,0,0,0,0,7,47,22,0.46808510638297873,0.48,0.45454545454545453,0.0,2.0825,0.9325400789554543,0.436,29
mixed,27,roving_ramp,0.1340386447250053,0.10382030392690042,0.8273657749188796,1.5055164742693876,1.2446682373865916,1.0007737547678914,10.493404297558387,1.7512197111520131,2.431876070104858,0.0,44,6,8,0,21,4,1,0,10,0,3,50,25,0.5,0.4772727272727273,0.6666666666666666,0.0,0.4166666666666667,0.9412086409625395,0.10375000000000001,39
mixed,29,roving_ramp,0.18304213082628615,0.13084865082518063,0.7471637888306933,0.8485346212677838,1.1625239477615534,0.826099455802427,5.3409526103380776,1.4307216908203058,2.2995389840504217,0.0,48,12,2,0,18,8,2,0,10,1,3,60,26,0.43333333333333335,0.375,0.6666666666666666,1.0591350397175638,0.9441666666666667,1.7169112247234453,0.42125,42
mixed_leaky,7,roving_ramp50,0.4110750628384675,0.3364594906289725,0.274278934656738,0.7696309312772425,0.43750524863872164,2.1506797136838918,1.7783134349562675,0.5882276802294992,3.682797979414577,0.3502106904825926,24,16,12,0,8,5,1,0,1,0,5,40,13,0.325,0.3333333333333333,0.3125,0.0,1.1991666666666667,0.9239993770440819,0.50475,20
mixed,26,roving_ramp50,0.2445385627276328,0.2796355868315037,0.11097806059449992,1.0869087520489682,1.190180523042079,3.7207377461399043,1.0161634242100681,1.3579088730208735,2.8515529775525312,0.0,28,25,4,0,14,24,0,0,11,1,42,53,38,0.7169811320754716,0.5,0.96,1.091901728844404,0.9158333333333334,2.5831180017226707,0.4195,92
mixed_leaky,1,roving_ramp,0.18318905783468406,0.17034971016708672,0.5828344075615453,1.340339380097016,0.4679463259452303,2.15301350591591,6.581021385566397,0.8355876530364652,2.559015203338589,0.6021536125646005,30,9,5,0,15,5,2,0,1,3,9,39,20,0.5128205128205128,0.5,0.5555555555555556,0.934094447327452,3.211666666666667,0.6320024549638765,0.34075,35
mixed,29,roving_ramp50,0.18304213082628615,0.13084865082518063,0.7471637888306933,0.8485346212677838,1.1625239477615534,0.826099455802427,5.3409526103380776,1.4307216908203058,2.2995389840504217,0.0,25,22,5,0,12,11,1,0,9,3,3,47,23,0.48936170212765956,0.48,0.5,1.023890784982935,2.93,1.1931477516060052,0.19625000000000004,39
mixed,28,roving_ramp50,0.253868671633331,0.20102117119958104,0.39972647452471216,1.1029390425134642,1.2318673576141923,2.5493190756688375,3.714050167718065,1.4830432202601789,2.986208788603447,0.0,27,23,5,0,10,16,0,0,1,0,11,50,26,0.52,0.37037037037037035,0.6956521739130435,0.0,0.7891666666666667,2.1161493765978165,0.32662500000000005,38
mixed_leaky,7,roving_ramp,0.4110750628384675,0.3364594906289725,0.274278934656738,0.7696309312772425,0.43750524863872164,2.1506797136838918,1.7783134349562675,0.5882276802294992,3.682797979414577,0.3502106904825926,37,10,3,0,16,3,0,0,3,0,6,47,19,0.40425531914893614,0.43243243243243246,0.3,0.0,1.6266666666666667,0.7364406779661257,0.44999999999999996,28
mixed_leaky,1,roving_ramp50,0.18318905783468406,0.17034971016708672,0.5828344075615453,1.340339380097016,0.4679463259452303,2.15301350591591,6.581021385566397,0.8355876530364652,2.559015203338589,0.6021536125646005,27,16,10,0,15,8,1,0,4,0,11,43,23,0.5348837209302325,0.5555555555555556,0.5,0.0,1.415,0.9401059663671743,0.319375,39
mixed_leaky,2,roving_ramp,0.16363716714044962,0.13084740662313143,0.8284939355354076,1.454129438654799,0.6006053405410601,0.9602980428140263,10.149058191051385,1.0902840547263972,3.0511007435878796,0.3328866949480344,38,10,3,0,19,3,1,0,4,0,10,48,22,0.4583333333333333,0.5,0.3,0.0,1.7225000000000001,0.5316800864135117,0.19625000000000004,37
mixed_leaky,2,roving_ramp50,0.16363716714044962,0.13084740662313143,0.8284939355354076,1.454129438654799,0.6006053405410601,0.9602980428140263,10.149058191051385,1.0902840547263972,3.0511007435878796,0.3328866949480344,24,18,8,0,12,7,2,0,2,0,6,42,19,0.4523809523809524,0.5,0.3888888888888889,0.0,1.2608333333333335,0.750056041246358,0.32699999999999996,29
mixed_leaky,8,roving_ramp,0.14453926745065387,0.10937702194827469,0.33186541094241545,1.418832205795435,0.3601797185442855,3.650215366996723,3.966672723833442,0.6588141871858835,3.1784084466185916,0.275870005259714,41,10,3,0,13,5,0,0,8,1,5,51,18,0.35294117647058826,0.3170731707317073,0.5,0.45766590389016015,2.185,1.3445926954401712,0.16400000000000003,32
mixed_leaky,5,roving_ramp50,0.2805014255878961,0.25797490761653474,0.19422528516290552,1.5233359664846922,0.13581592184161834,4.726425609591589,2.492497927391046,0.4031355921668864,3.6038984512084253,0.6388089418320958,28,20,8,0,12,15,0,0,3,0,20,48,27,0.5625,0.42857142857142855,0.75,0.0,0.44166666666666665,2.697389885807519,0.44999999999999996,50
mixed_leaky,6,roving_ramp50,0.12476718660420891,0.10722519027636106,0.29063644356338886,1.3270063470810842,0.43792329822206544,3.6246440873128942,3.2490501338826503,0.7033196558428766,2.869790226313807,0.27719479838293176,29,17,9,0,16,12,4,0,6,3,13,46,28,0.6086956521739131,0.5517241379310345,0.7058823529411765,2.1052631578947367,1.425,2.206017279421027,0.1339999999999999,54
mixed_leaky,8,roving_ramp50,0.14453926745065387,0.10937702194827469,0.33186541094241545,1.418832205795435,0.3601797185442855,3.650215366996723,3.966672723833442,0.6588141871858835,3.1784084466185916,0.275870005259714,24,18,9,0,7,15,1,0,6,0,7,42,22,0.5238095238095238,0.2916666666666667,0.8333333333333334,0.0,1.0425,2.459635232782587,0.1915,36
mixed_leaky,5,roving_ramp,0.2805014255878961,0.25797490761653474,0.19422528516290552,1.5233359664846922,0.13581592184161834,4.726425609591589,2.492497927391046,0.4031355921668864,3.6038984512084253,0.6388089418320958,40,10,4,0,19,9,0,0,5,0,27,50,28,0.56,0.475,0.9,0.0,1.2833333333333334,0.9446182211014904,0.387,60
mixed_leaky,9,roving_ramp,0.10567393560126619,0.13125488836993637,0.6218003073891417,0.7824965520000746,0.2584845668012945,1.1395335068607209,4.098894185588229,0.48086781005146984,2.830074470514264,0.2529723047186527,41,12,3,0,26,10,1,0,17,2,15,53,36,0.6792452830188679,0.6341463414634146,0.8333333333333334,1.8604651162790697,1.075,0.9876420375222295,0.1805,71
mixed_leaky,6,roving_ramp,0.12476718660420891,0.10722519027636106,0.29063644356338886,1.3270063470810842,0.43792329822206544,3.6246440873128942,3.2490501338826503,0.7033196558428766,2.869790226313807,0.27719479838293176,47,8,6,0,19,7,2,0,11,1,12,55,26,0.4727272727272727,0.40425531914893614,0.875,0.5279366476022876,1.8941666666666668,1.4337905380227465,0.134,52
mixed_leaky,10,roving_ramp,0.14535337244713803,0.19400268885751126,0.49899124622950886,1.8825971259478214,0.5734309296808522,3.631835764463209,7.913774303747319,1.0496752976353214,2.7817541705842204,0.4186651103371588,34,9,4,0,24,7,0,0,10,2,52,43,31,0.7209302325581395,0.7058823529411765,0.7777777777777778,0.7483629560336762,2.6725000000000003,0.3609715242881407,0.19399999999999995,95
mixed_leaky,9,roving_ramp50,0.10567393560126619,0.13125488836993637,0.6218003073891417,0.7824965520000746,0.2584845668012945,1.1395335068607209,4.098894185588229,0.48086781005146984,2.830074470514264,0.2529723047186527,26,24,4,0,9,20,2,0,20,1,25,50,29,0.58,0.34615384615384615,0.8333333333333334,1.2474012474012475,0.8016666666666666,1.7844241144733877,0.1805,77
mixed_leaky,15,roving_ramp50,0.33127123616751364,0.26718646774573357,0.5205488184096195,1.0127699342673482,0.793982342172465,1.8697291072551196,4.441253954390725,1.055735943948082,3.3883442215385147,0.33854675634047054,29,24,6,0,13,6,0,0,1,0,1,53,19,0.3584905660377358,0.4482758620689655,0.25,0.0,0.8958333333333334,0.7987753019221001,0.425375,21
mixed_leaky,12,roving_ramp,0.14303943595732546,0.15033497023798698,0.4560511345658187,1.6652283582924818,0.44575557450481107,3.487830483295172,6.3976529982053,0.848831046366658,3.3641555977945945,0.2514122721437151,39,8,5,0,22,8,1,0,5,1,16,47,30,0.6382978723404256,0.5641025641025641,1.0,0.27137042062415195,3.6850000000000005,0.7016953007684179,0.18787500000000001,53
mixed_leaky,15,roving_ramp,0.33127123616751364,0.26718646774573357,0.5205488184096195,1.0127699342673482,0.793982342172465,1.8697291072551196,4.441253954390725,1.055735943948082,3.3883442215385147,0.33854675634047054,36,12,3,0,11,5,0,0,1,0,3,48,16,0.3333333333333333,0.3055555555555556,0.4166666666666667,0.0,2.101666666666667,0.654203714439388,0.44999999999999996,20
mixed_leaky,11,roving_ramp50,0.1711575490277285,0.12530145129597775,0.4190505711875345,0.990880071738156,0.4205703410107173,2.216577491300515,3.4980086019270473,0.6510951346637881,2.5953435765935513,0.4197039259839883,28,22,5,0,12,12,6,0,8,0,6,50,24,0.48,0.42857142857142855,0.5454545454545454,0.0,0.7033333333333334,3.1421814415748637,0.31325000000000003,44
mixed_leaky,11,roving_ramp,0.1711575490277285,0.12530145129597775,0.4190505711875345,0.990880071738156,0.4205703410107173,2.216577491300515,3.4980086019270473,0.6510951346637881,2.5953435765935513,0.4197039259839883,33,11,3,0,17,9,0,0,12,2,6,44,26,0.5909090909090909,0.5151515151515151,0.8181818181818182,1.0582010582010581,1.8900000000000001,2.446618467739193,0.25049999999999994,46
mixed_leaky,10,roving_ramp50,0.14535337244713803,0.19400268885751126,0.49899124622950886,1.8825971259478214,0.5734309296808522,3.631835764463209,7.913774303747319,1.0496752976353214,2.7817541705842204,0.4186651103371588,28,23,5,0,22,19,1,0,6,1,42,51,41,0.803921568627451,0.7857142857142857,0.8260869565217391,1.3100436681222707,0.7633333333333334,0.7234312275512315,0.24250000000000005,91
mixed_leaky,12,roving_ramp50,0.14303943595732546,0.15033497023798698,0.4560511345658187,1.6652283582924818,0.44575557450481107,3.487830483295172,6.3976529982053,0.848831046366658,3.3641555977945945,0.2514122721437151,28,20,7,0,19,15,1,0,5,1,19,48,34,0.7083333333333334,0.6785714285714286,0.75,0.9389671361502346,1.0650000000000002,0.9757027978524383,0.22550000000000003,60
mixed_leaky,13,roving_ramp50,0.21547944764639915,0.2003368564457932,0.3822901700422839,0.836621521033004,0.4837728211188804,1.9899265214079065,2.6943592723209697,0.6705903373739563,2.720723267076253,0.3442284598616919,22,19,8,0,12,12,4,0,14,1,9,41,24,0.5853658536585366,0.5454545454545454,0.631578947368421,0.6150691952844695,1.6258333333333335,2.027088022559693,0.3005,52
mixed_leaky,16,roving_ramp50,0.0100013373778227,0.04,0.3120823533342459,2.701267040052745,0.3846006599877158,7.155293710471707,7.101826755721427,0.9395734753225495,2.0111502974320308,0.3656204621304235,22,24,3,0,14,20,6,0,35,12,47,46,34,0.7391304347826086,0.6363636363636364,0.8333333333333334,5.70975416336241,2.101666666666667,1.6753451380552271,0.03500000000000003,134
mixed_leaky,21,roving_ramp,0.5342609335365119,0.558464864026383,0.5556747056038639,0.8732220300434216,0.593604807157532,1.4939952500370022,4.087696600825036,0.8270905644495158,3.167622554766488,0.9512527192033438,38,7,5,0,14,0,0,0,0,0,1,45,14,0.3111111111111111,0.3684210526315789,0.0,0.0,1.4100000000000001,0.5040107558047305,,15
mixed_leaky,16,roving_ramp,0.0100013373778227,0.04,0.3120823533342459,2.701267040052745,0.3846006599877158,7.155293710471707,7.101826755721427,0.9395734753225495,2.0111502974320308,0.3656204621304235,38,13,1,0,32,12,2,0,57,7,59,51,44,0.8627450980392157,0.8421052631578947,0.9230769230769231,3.5608308605341246,1.9658333333333333,1.6375119695791402,0.06000000000000005,169
mixed_leaky,13,roving_ramp,0.21547944764639915,0.2003368564457932,0.3822901700422839,0.836621521033004,0.4837728211188804,1.9899265214079065,2.6943592723209697,0.6705903373739563,2.720723267076253,0.3442284598616919,39,9,4,0,19,5,1,0,10,0,8,48,24,0.5,0.48717948717948717,0.5555555555555556,0.0,1.3025,0.758246695973003,0.40074999999999994,43
mixed_leaky,21,roving_ramp50,0.5342609335365119,0.558464864026383,0.5556747056038639,0.8732220300434216,0.593604807157532,1.4939952500370022,4.087696600825036,0.8270905644495158,3.167622554766488,0.9512527192033438,25,16,9,0,13,0,0,0,0,0,2,41,13,0.3170731707317073,0.52,0.0,0.0,1.3375,0.6140325601498425,,15
mixed_leaky,14,roving_ramp50,0.14909389997381126,0.16251992270085644,0.8473665148416616,1.211304632847763,0.46251100582992344,0.7119126249166481,8.64685185630004,0.8762307939866646,3.372012188957668,0.19678505675855715,26,20,7,0,19,12,0,0,5,1,3,46,31,0.6739130434782609,0.7307692307692307,0.6,0.6233766233766234,1.6041666666666667,1.2912405513561651,0.2437499999999999,40
mixed_leaky,14,roving_ramp,0.14909389997381126,0.16251992270085644,0.8473665148416616,1.211304632847763,0.46251100582992344,0.7119126249166481,8.64685185630004,0.8762307939866646,3.372012188957668,0.19678505675855715,38,11,2,0,24,8,0,0,6,1,12,49,32,0.6530612244897959,0.631578947368421,0.7272727272727273,0.5439709882139618,1.8383333333333336,0.5368877586917473,0.264125,51
mixed_leaky,17,roving_ramp,0.16557424745347513,0.2149818760959304,0.5059083028201826,1.04618403103662,0.37360599593299404,1.9903943869710023,4.458751163737651,0.6401012026865965,3.0966158739614276,0.25685096804636764,35,11,3,0,24,11,2,0,9,0,25,46,35,0.7608695652173914,0.6857142857142857,1.0,0.0,3.401666666666667,0.6739053043787877,0.3225,71
mixed_leaky,18,roving_ramp,0.1806589361650979,0.13700099615556766,0.3351703797688524,1.119479792695903,0.4229145324876674,2.8658279549043293,3.160932575683857,0.6594822990628065,2.8954770934638305,0.34838840392592657,41,10,2,0,17,6,0,0,6,1,5,51,23,0.45098039215686275,0.4146341463414634,0.6,0.4216444132115249,2.371666666666667,2.812431842966199,0.291125,35
mixed_leaky,17,roving_ramp50,0.16557424745347513,0.2149818760959304,0.5059083028201826,1.04618403103662,0.37360599593299404,1.9903943869710023,4.458751163737651,0.6401012026865965,3.0966158739614276,0.25685096804636764,26,18,10,0,18,18,3,0,5,0,33,44,36,0.8181818181818182,0.6923076923076923,1.0,0.0,0.8133333333333334,0.8489354607018365,0.26875000000000004,77
mixed_leaky,19,roving_ramp,0.23398160472699533,0.24348482308403605,0.5477947976351536,1.201464189815155,0.22660117174174427,2.0920395035873374,5.544496025781732,0.5454465286801389,2.9710633681230334,0.6468701084022184,40,12,0,0,23,8,0,0,4,0,14,52,31,0.5961538461538461,0.575,0.6666666666666666,0.0,1.22,0.7411876786281549,0.33475,49
mixed_leaky,22,roving_ramp,0.24071003001350075,0.27840831365793445,0.30213899124720844,1.204362604376617,0.4670067346379722,3.2363068440101714,3.0654721796579105,0.7113970830391194,3.0190194187256507,0.4516842137691322,40,10,3,0,24,6,0,0,4,0,29,50,30,0.6,0.6,0.6,0.0,1.5450000000000002,1.0932763621838877,0.31325,63
mixed_leaky,20,roving_ramp50,0.0837808957779698,0.08252935332681396,0.6444821862409447,1.5824312346934253,0.3669078639690798,2.166255652039746,8.591502215969825,0.8257561459239212,2.3734525009829945,0.500155972842958,24,21,7,0,13,15,9,0,13,6,11,45,28,0.6222222222222222,0.5416666666666666,0.7142857142857143,1.9032513877874702,3.1525000000000003,2.70096655987732,0.16500000000000004,67
mixed_leaky,19,roving_ramp50,0.23398160472699533,0.24348482308403605,0.5477947976351536,1.201464189815155,0.22660117174174427,2.0920395035873374,5.544496025781732,0.5454465286801389,2.9710633681230334,0.6468701084022184,24,18,7,0,11,12,2,0,3,1,13,42,23,0.5476190476190477,0.4583333333333333,0.6666666666666666,0.44776119402985076,2.2333333333333334,0.6590149320258764,0.395625,42
mixed_leaky,22,roving_ramp50,0.24071003001350075,0.27840831365793445,0.30213899124720844,1.204362604376617,0.4670067346379722,3.2363068440101714,3.0654721796579105,0.7113970830391194,3.0190194187256507,0.4516842137691322,24,21,6,0,15,20,0,0,3,1,44,45,35,0.7777777777777778,0.625,0.9523809523809523,0.34364261168384874,2.9100000000000006,1.6999306999306936,0.4175,83
mixed_leaky,18,roving_ramp50,0.1806589361650979,0.13700099615556766,0.3351703797688524,1.119479792695903,0.4229145324876674,2.8658279549043293,3.160932575683857,0.6594822990628065,2.8954770934638305,0.34838840392592657,24,22,7,0,10,14,0,0,5,0,13,46,24,0.5217391304347826,0.4166666666666667,0.6363636363636364,0.0,1.5958333333333334,2.9179081614862383,0.25687499999999996,42
mixed_leaky,26,roving_ramp,0.29686569629186643,0.2899786897300033,0.5944811644967734,0.901806421225245,0.47457608508552246,1.4081465324213762,4.51632060823149,0.7246028189265417,3.3112803072971984,0.3711683955180755,41,11,2,0,22,5,0,0,2,0,6,52,27,0.5192307692307693,0.5365853658536586,0.45454545454545453,0.0,2.2441666666666666,0.5287174066243792,0.5800000000000001,35
mixed_leaky,24,roving_ramp,0.20535150143881276,0.18568115096912804,0.4811874907677875,1.3218994465862175,0.4616542781300939,2.6407808095592973,5.3585352436267835,0.7900739449087889,2.82261071030186,0.5160442161484488,37,8,6,0,15,7,0,0,1,0,12,45,22,0.4888888888888889,0.40540540540540543,0.875,0.0,2.1558333333333333,0.6578040265528967,0.37124999999999997,35
mixed_leaky,24,roving_ramp50,0.20535150143881276,0.18568115096912804,0.4811874907677875,1.3218994465862175,0.4616542781300939,2.6407808095592973,5.3585352436267835,0.7900739449087889,2.82261071030186,0.5160442161484488,25,20,7,0,14,12,1,0,3,2,14,45,26,0.5777777777777777,0.56,0.6,0.6694560669456068,2.9875,0.8691348086845552,0.348125,46
mixed_leaky,26,roving_ramp50,0.29686569629186643,0.2899786897300033,0.5944811644967734,0.901806421225245,0.47457608508552246,1.4081465324213762,4.51632060823149,0.7246028189265417,3.3112803072971984,0.3711683955180755,25,23,4,0,10,11,1,0,1,0,7,48,21,0.4375,0.4,0.4782608695652174,0.0,1.8491666666666666,0.8892183288410258,0.43500000000000005,30
mixed_leaky,20,roving_ramp,0.0837808957779698,0.08252935332681396,0.6444821862409447,1.5824312346934253,0.3669078639690798,2.166255652039746,8.591502215969825,0.8257561459239212,2.3734525009829945,0.500155972842958,45,10,3,0,27,8,0,0,24,3,19,55,35,0.6363636363636364,0.6,0.8,2.142857142857143,1.4,0.7530769230769553,0.062000000000000055,81
mixed_leaky,25,roving_ramp,0.1336091383624203,0.1948033052020014,0.15485913553999914,2.3402022560846674,0.3880239636849092,7.615632712019977,3.0529772379370392,0.7752664572372522,3.8725817291174334,0.27648730142269046,44,11,2,0,31,11,0,0,18,0,83,55,42,0.7636363636363637,0.7045454545454546,1.0,0.0,1.8350000000000002,1.0904481475449477,0.19474999999999998,143
mixed_leaky,23,roving_ramp50,0.18036925693807018,0.17373500635289346,0.7692433044712143,1.2821773884354286,0.4549473941476972,1.1392680564356161,8.308931537786336,0.8674053090217089,3.2572983646017946,0.3447098100018943,25,19,7,0,17,8,0,0,4,0,3,44,25,0.5681818181818182,0.68,0.42105263157894735,0.0,1.55,0.6649942107294312,0.28225,32
mixed_leaky,25,roving_ramp50,0.1336091383624203,0.1948033052020014,0.15485913553999914,2.3402022560846674,0.3880239636849092,7.615632712019977,3.0529772379370392,0.7752664572372522,3.8725817291174334,0.27648730142269046,28,22,4,0,20,22,0,0,11,0,137,50,42,0.84,0.7142857142857143,1.0,0.0,0.745,2.022461311650709,0.21912500000000001,190
mixed_leaky,23,roving_ramp,0.18036925693807018,0.17373500635289346,0.7692433044712143,1.2821773884354286,0.4549473941476972,1.1392680564356161,8.308931537786336,0.8674053090217089,3.2572983646017946,0.3447098100018943,43,10,4,0,26,6,0,0,5,0,11,53,32,0.6037735849056604,0.6046511627906976,0.6,0.0,0.8158333333333334,0.5686038461754361,0.217125,48
mixed_leaky,28,roving_ramp,0.0100013373778227,0.04,0.4489590435401571,1.3845729890204566,0.26074753464329803,2.937806786933007,5.2366786132774195,0.5933925204919845,2.2860248721343996,0.221132875220864,38,10,4,0,28,10,5,0,52,6,33,48,38,0.7916666666666666,0.7368421052631579,1.0,2.371541501976284,2.5300000000000002,1.89211986537568,0.025000000000000022,134
mixed_leaky,28,roving_ramp50,0.0100013373778227,0.04,0.4489590435401571,1.3845729890204566,0.26074753464329803,2.937806786933007,5.2366786132774195,0.5933925204919845,2.2860248721343996,0.221132875220864,23,20,6,0,21,18,14,0,42,4,31,43,39,0.9069767441860465,0.9130434782608695,0.9,3.4985422740524776,1.1433333333333335,1.550079491255962,0.03500000000000003,130
mixed_leaky,27,roving_ramp50,0.2132434956629327,0.20839335935943248,0.436279266717667,1.2698704191182666,0.5228889417240213,2.7564296351832818,4.667209795203348,0.8238825591905956,3.7381117740298198,0.20723823598833405,28,20,7,0,17,11,0,0,5,1,23,48,28,0.5833333333333334,0.6071428571428571,0.55,0.7761966364812418,1.2883333333333336,0.9053906174695546,0.41674999999999995,57
mixed_leaky,29,roving_ramp,0.16610651039321944,0.2296121315405254,0.3916179627831265,1.8717877668036391,0.4846818357678393,4.384867585328335,6.175221649464358,0.9070911298789577,3.3388870154006325,0.35313635735125715,42,12,3,0,29,11,0,0,8,0,48,54,40,0.7407407407407407,0.6904761904761905,0.9166666666666666,0.0,1.5808333333333335,0.5390932359073122,0.28700000000000003,96
mixed_leaky,27,roving_ramp,0.2132434956629327,0.20839335935943248,0.436279266717667,1.2698704191182666,0.5228889417240213,2.7564296351832818,4.667209795203348,0.8238825591905956,3.7381117740298198,0.20723823598833405,37,11,2,0,20,8,0,0,2,1,19,48,28,0.5833333333333334,0.5405405405405406,0.7272727272727273,0.7416563658838071,1.3483333333333334,0.92856233454639,0.41674999999999995,50
mixed_leaky,29,roving_ramp50,0.16610651039321944,0.2296121315405254,0.3916179627831265,1.8717877668036391,0.4846818357678393,4.384867585328335,6.175221649464358,0.9070911298789577,3.3388870154006325,0.35313635735125715,30,18,9,0,22,15,0,0,3,1,45,48,37,0.7708333333333334,0.7333333333333333,0.8333333333333334,0.8651766402307136,1.1558333333333335,0.8665041971297172,0.34450000000000003,86
